sec_since_tagon,latitude,longitude,satellites,residual,time_error,tag
3911,32.7222,-118.7865,4,0.4,0.3,Zica-20180113-173188
5378,32.721,-118.7939,6,7.9,0.6,Zica-20180113-173188
6493,32.7249,-118.7965,6,10.4,1.1,Zica-20180113-173188
10221,32.7358,-118.7985,4,0.3,0.7,Zica-20180113-173188
11491,32.7397,-118.7981,4,1.9,1.1,Zica-20180113-173188
12756,32.7422,-118.7989,5,7.7,0.8,Zica-20180113-173188
13962,32.7433,-118.7989,7,5.6,0.2,Zica-20180113-173188
15396,32.7459,-118.8021,6,7.9,0.5,Zica-20180113-173188
16425,32.7456,-118.806,5,4.6,1.2,Zica-20180113-173188
20140,32.7375,-118.8217,6,15.1,0.9,Zica-20180113-173188
21011,32.7364,-118.8198,7,11.5,1.2,Zica-20180113-173188
21604,32.7348,-118.8184,6,14.4,0.7,Zica-20180113-173188
24584,32.739,-118.8214,5,15,0.9,Zica-20180113-173188
25504,32.7421,-118.8192,6,10.6,0.2,Zica-20180113-173188
26647,32.7448,-118.8134,7,9.6,1,Zica-20180113-173188
27488,32.7479,-118.812,7,10.7,1.2,Zica-20180113-173188
31694,32.7526,-118.816,5,18.9,0.4,Zica-20180113-173188
34350,32.7597,-118.8195,6,2.9,1.1,Zica-20180113-173188
35455,32.7611,-118.8119,6,5.4,0.7,Zica-20180113-173188
36652,32.7631,-118.8009,5,2.1,0.2,Zica-20180113-173188
37888,32.7629,-118.7916,4,1.2,0.6,Zica-20180113-173188
39032,32.7626,-118.783,5,3.5,0.3,Zica-20180113-173188
40277,32.7621,-118.7763,6,16.6,0.6,Zica-20180113-173188
41403,32.7612,-118.7722,6,4.1,-0.3,Zica-20180113-173188
44348,32.7608,-118.7624,6,6.9,-0.3,Zica-20180113-173188
45424,32.7504,-118.7611,6,10.6,-0.5,Zica-20180113-173188
46515,32.7422,-118.764,7,5.8,0.2,Zica-20180113-173188
47468,32.7362,-118.7666,7,7.2,1,Zica-20180113-173188
48640,32.7285,-118.7717,4,0.8,1,Zica-20180113-173188
49414,32.7251,-118.7758,7,8.1,0.4,Zica-20180113-173188
51649,32.716,-118.7833,6,13.5,0.7,Zica-20180113-173188
56132,32.7032,-118.7592,6,15.8,0.4,Zica-20180113-173188
57309,32.702,-118.7545,6,7.5,1.1,Zica-20180113-173188
58524,32.7005,-118.753,6,3.4,1.4,Zica-20180113-173188
59658,32.6982,-118.7542,7,10.3,1.4,Zica-20180113-173188
60800,32.6959,-118.757,7,14.2,1,Zica-20180113-173188
62047,32.6934,-118.759,6,7.9,1.2,Zica-20180113-173188
62708,32.6948,-118.7608,5,3.5,0.7,Zica-20180113-173188
64022,32.696,-118.766,5,1.1,-0.4,Zica-20180113-173188
65152,32.6991,-118.7684,5,10.1,-0.1,Zica-20180113-173188
66312,32.7029,-118.771,5,2.8,-0.4,Zica-20180113-173188
71154,32.6925,-118.7798,5,4.9,0.2,Zica-20180113-173188
72732,32.6886,-118.7716,5,6.6,0.3,Zica-20180113-173188
74094,32.6911,-118.7663,4,0.3,-0.3,Zica-20180113-173188
75148,32.6897,-118.7643,5,0.6,0.1,Zica-20180113-173188
76508,32.6831,-118.7602,6,9.8,0.6,Zica-20180113-173188
79956,32.6878,-118.7808,7,13.9,1.2,Zica-20180113-173188
81213,32.693,-118.792,7,10,0.3,Zica-20180113-173188
82277,32.6987,-118.7982,7,14.8,-0.1,Zica-20180113-173188
83598,32.7002,-118.8014,7,6,-0,Zica-20180113-173188
87698,32.7227,-118.8027,7,23.1,1.2,Zica-20180113-173188
89179,32.7331,-118.8032,7,12.6,0.4,Zica-20180113-173188
90358,32.7356,-118.8034,8,10.6,-0.4,Zica-20180113-173188
91779,32.7356,-118.8095,5,3.5,0.5,Zica-20180113-173188
92923,32.734,-118.8149,6,2.7,0.9,Zica-20180113-173188
97235,32.7206,-118.8151,4,0.1,1.1,Zica-20180113-173188
98844,32.7106,-118.8152,7,5.8,1.2,Zica-20180113-173188
100521,32.706,-118.811,5,4.4,0.1,Zica-20180113-173188
102029,32.7076,-118.8058,4,0.4,0.6,Zica-20180113-173188
102990,32.7096,-118.8017,7,11.6,1,Zica-20180113-173188
107089,32.7164,-118.7843,5,6.6,1,Zica-20180113-173188
108217,32.7217,-118.7823,7,19.4,0.9,Zica-20180113-173188
109502,32.7257,-118.778,6,8.8,1.5,Zica-20180113-173188
110412,32.728,-118.7797,7,12.3,1.4,Zica-20180113-173188
111442,32.7286,-118.7701,7,5.5,1,Zica-20180113-173188
112492,32.731,-118.7692,8,7.6,1,Zica-20180113-173188
115852,32.7335,-118.7678,5,6.1,1.2,Zica-20180113-173188
117091,32.7439,-118.7625,5,14.5,0.8,Zica-20180113-173188
118366,32.751,-118.76,4,0.3,0.8,Zica-20180113-173188
119474,32.7527,-118.7597,6,13.8,0.7,Zica-20180113-173188
120585,32.7509,-118.7562,6,13.8,0.8,Zica-20180113-173188
123754,32.7435,-118.7531,5,7.8,1,Zica-20180113-173188
124975,32.7438,-118.7635,5,4.7,1.4,Zica-20180113-173188
126365,32.7431,-118.7805,4,0.5,1.5,Zica-20180113-173188
129908,32.7332,-118.7932,5,4.3,1.3,Zica-20180113-173188
131128,32.7272,-118.8037,4,0.2,1,Zica-20180113-173188
132749,32.7311,-118.8153,5,11,1.5,Zica-20180113-173188
136906,32.7368,-118.8346,6,4.9,0.8,Zica-20180113-173188
138414,32.74,-118.8486,5,0.9,0.9,Zica-20180113-173188
140574,32.7469,-118.8687,7,11.5,0.8,Zica-20180113-173188
142658,32.7467,-118.8781,8,16.2,1,Zica-20180113-173188
144767,32.7372,-118.89,5,3,1,Zica-20180113-173188
146096,32.7336,-118.8926,5,6.2,1,Zica-20180113-173188
147372,32.731,-118.8929,5,9.7,1.5,Zica-20180113-173188
148788,32.7272,-118.8928,7,5,0.9,Zica-20180113-173188
150361,32.7221,-118.8903,6,9.9,0.7,Zica-20180113-173188
152106,32.714,-118.8877,5,1.8,0.5,Zica-20180113-173188
153960,32.7039,-118.882,5,3.8,0.9,Zica-20180113-173188
155689,32.6972,-118.8733,7,17.5,0.3,Zica-20180113-173188
157336,32.693,-118.8626,7,12.2,1,Zica-20180113-173188
158163,32.6908,-118.8537,4,0.4,0.3,Zica-20180113-173188
162095,32.6923,-118.8337,7,22.3,-0.2,Zica-20180113-173188
163614,32.6977,-118.8221,7,3.9,-0.4,Zica-20180113-173188
164638,32.6976,-118.813,6,1.4,-0.1,Zica-20180113-173188
166267,32.6996,-118.7965,5,9.3,-0.3,Zica-20180113-173188
167669,32.7051,-118.7857,4,0.4,0.3,Zica-20180113-173188
168969,32.7065,-118.7783,6,16,0.3,Zica-20180113-173188
174357,32.7289,-118.7755,5,6.2,0,Zica-20180113-173188
175950,32.7332,-118.7721,5,11.8,0.4,Zica-20180113-173188
178607,32.737,-118.7673,7,12.6,-0,Zica-20180113-173188
180213,32.7364,-118.7671,5,1.8,0,Zica-20180113-173188
182087,32.7291,-118.7751,4,0.3,-0.5,Zica-20180113-173188
186276,32.7208,-118.7485,5,1.1,0.9,Zica-20180113-173188
187567,32.715,-118.7423,6,6.9,1.4,Zica-20180113-173188
188850,32.7095,-118.7425,4,0.2,1,Zica-20180113-173188
189901,32.7054,-118.7417,8,19.4,1.5,Zica-20180113-173188
191446,32.6966,-118.7408,6,8.1,0.6,Zica-20180113-173188
192544,32.6937,-118.7428,5,6.2,1,Zica-20180113-173188
193676,32.6914,-118.7457,6,6.9,1,Zica-20180113-173188
198540,32.6772,-118.7413,4,0.6,1.2,Zica-20180113-173188
199805,32.6761,-118.7482,7,9.9,1,Zica-20180113-173188
200880,32.68,-118.7539,5,10.6,1.2,Zica-20180113-173188
202391,32.6871,-118.7561,4,0.5,0.9,Zica-20180113-173188
203535,32.6914,-118.7572,6,10.7,0.9,Zica-20180113-173188
204516,32.6948,-118.757,6,12.5,1.4,Zica-20180113-173188
205399,32.6973,-118.7574,5,9,0.7,Zica-20180113-173188
209181,32.7097,-118.7628,4,0.4,-0.4,Zica-20180113-173188
210458,32.7127,-118.7634,5,6.4,0.4,Zica-20180113-173188
211842,32.7128,-118.7674,4,0.8,-0.1,Zica-20180113-173188
213128,32.7135,-118.7701,4,0.3,-0.2,Zica-20180113-173188
215780,32.7159,-118.7781,4,1.1,-0.1,Zica-20180113-173188
216654,32.7124,-118.7725,5,3.8,0.1,Zica-20180113-173188
217730,32.7147,-118.7705,6,15,0.9,Zica-20180113-173188
221297,32.7225,-118.7969,6,3.3,0.4,Zica-20180113-173188
223540,32.7206,-118.8101,5,0.8,-0.4,Zica-20180113-173188
225127,32.7186,-118.8096,6,22,-0.1,Zica-20180113-173188
226024,32.7191,-118.8099,5,13,-0.4,Zica-20180113-173188
227191,32.7224,-118.8082,5,18.4,0.2,Zica-20180113-173188
228328,32.7242,-118.8089,6,9.8,0.2,Zica-20180113-173188
229551,32.7282,-118.8105,5,6.2,1,Zica-20180113-173188
230818,32.7268,-118.8157,6,5.4,0.8,Zica-20180113-173188
235046,32.7227,-118.7811,4,0.7,-0.4,Zica-20180113-173188
236215,32.7267,-118.7715,6,6.8,0.2,Zica-20180113-173188
237249,32.7294,-118.7643,5,6.6,0.6,Zica-20180113-173188
238526,32.7339,-118.7573,5,8.6,1.4,Zica-20180113-173188
239945,32.7368,-118.7521,6,5.7,0.8,Zica-20180113-173188
241203,32.7401,-118.7512,6,6.4,-0.3,Zica-20180113-173188
246622,32.7285,-118.7511,6,1.4,0.1,Zica-20180113-173188
247948,32.7222,-118.7532,5,3.6,-0.2,Zica-20180113-173188
249273,32.7175,-118.7555,4,0.6,0.2,Zica-20180113-173188
250468,32.7123,-118.7558,6,8.3,0.1,Zica-20180113-173188
255047,32.7151,-118.7671,7,8.2,-0,Zica-20180113-173188
256446,32.721,-118.761,5,5,0.3,Zica-20180113-173188
257803,32.7124,-118.7569,4,0.6,1.2,Zica-20180113-173188
259062,32.7227,-118.7517,6,16.1,0.5,Zica-20180113-173188
260090,32.7192,-118.7498,5,7.6,-0.1,Zica-20180113-173188
261070,32.7256,-118.7466,5,11.2,0.5,Zica-20180113-173188
264396,32.7436,-118.7485,5,15,0.1,Zica-20180113-173188
265657,32.7478,-118.7392,7,11.2,0.2,Zica-20180113-173188
266800,32.7466,-118.7344,4,0.5,0.2,Zica-20180113-173188
267693,32.7375,-118.731,4,0.2,1.1,Zica-20180113-173188
269090,32.7365,-118.7269,4,0.4,-0.2,Zica-20180113-173188
269820,32.7306,-118.7243,4,0.5,0.2,Zica-20180113-173188
273696,32.7273,-118.725,5,3.7,0.5,Zica-20180113-173188
274771,32.7303,-118.7195,4,0.2,0.5,Zica-20180113-173188
275934,32.7248,-118.7144,6,6.2,-0.2,Zica-20180113-173188
276977,32.7179,-118.7145,6,3.7,-0.1,Zica-20180113-173188
278427,32.7129,-118.7067,4,0.3,0.1,Zica-20180113-173188
279813,32.7058,-118.7023,6,10,0.2,Zica-20180113-173188
280641,32.7097,-118.7083,6,15.7,0.1,Zica-20180113-173188
284280,32.6996,-118.7212,5,12.8,0.1,Zica-20180113-173188
285360,32.6891,-118.7227,5,5.6,1.4,Zica-20180113-173188
286511,32.6802,-118.7221,4,0.2,-0.4,Zica-20180113-173188
287454,32.6815,-118.7292,5,3.1,1.1,Zica-20180113-173188
291107,32.6668,-118.7173,5,5.3,1,Zica-20180113-173188
292504,32.6608,-118.6982,8,18.7,1,Zica-20180113-173188
293425,32.6571,-118.695,6,10,1.1,Zica-20180113-173188
294582,32.6598,-118.6918,5,6,1.4,Zica-20180113-173188
295555,32.6641,-118.6884,4,0.1,1,Zica-20180113-173188
298568,32.6743,-118.6872,5,4.1,0.6,Zica-20180113-173188
299477,32.6827,-118.6815,5,5.1,1.2,Zica-20180113-173188
300723,32.6874,-118.6856,7,4.2,-0.4,Zica-20180113-173188
301983,32.6922,-118.6874,6,13.5,0.3,Zica-20180113-173188
302793,32.698,-118.6912,5,8.1,-0.1,Zica-20180113-173188
304276,32.7038,-118.6962,6,18.9,-0.3,Zica-20180113-173188
304861,32.7049,-118.6987,7,17.7,-0.4,Zica-20180113-173188
308060,32.7049,-118.7042,5,9.1,-0.1,Zica-20180113-173188
309494,32.6971,-118.7074,4,1.2,0.2,Zica-20180113-173188
310222,32.6949,-118.7092,6,4.9,-0.2,Zica-20180113-173188
313745,32.6917,-118.7288,6,2.2,0.6,Zica-20180113-173188
315084,32.6953,-118.7381,6,9.2,0.4,Zica-20180113-173188
316438,32.6941,-118.748,6,11.7,-0.3,Zica-20180113-173188
317871,32.7031,-118.7573,4,0.4,-0.2,Zica-20180113-173188
318951,32.7077,-118.7687,4,0.2,0.5,Zica-20180113-173188
319566,32.7084,-118.771,6,12.3,0.1,Zica-20180113-173188
324441,32.7304,-118.7706,5,2.5,-0.3,Zica-20180113-173188
326042,32.7381,-118.7539,6,13.2,-0.4,Zica-20180113-173188
327530,32.7444,-118.7445,4,1.6,0.1,Zica-20180113-173188
328926,32.771,-118.7657,4,11.1,1.6,Zica-20180113-173188
330122,32.7533,-118.7366,4,0.1,0.2,Zica-20180113-173188
331621,32.7571,-118.7368,5,7.4,0.6,Zica-20180113-173188
333125,32.7597,-118.7383,4,1.3,0.5,Zica-20180113-173188
333959,32.7599,-118.7375,5,1.8,0.4,Zica-20180113-173188
338313,32.7585,-118.7671,5,3.3,0.3,Zica-20180113-173188
339718,32.7563,-118.7767,5,10.3,0.3,Zica-20180113-173188
342260,32.7538,-118.7891,5,10.2,0.3,Zica-20180113-173188
343508,32.7495,-118.7913,7,11.1,0.5,Zica-20180113-173188
344114,32.7473,-118.7927,5,6.8,0.3,Zica-20180113-173188
348563,32.7329,-118.813,6,5.1,-0.3,Zica-20180113-173188
349800,32.7272,-118.8173,4,0.3,0.7,Zica-20180113-173188
351181,32.7209,-118.8214,6,9,0.6,Zica-20180113-173188
352565,32.7187,-118.8222,4,0.4,0.1,Zica-20180113-173188
353358,32.7167,-118.8226,4,0.7,0.2,Zica-20180113-173188
358224,32.7253,-118.8034,6,11.4,-0.1,Zica-20180113-173188
359464,32.7247,-118.7943,5,15.7,0.1,Zica-20180113-173188
360709,32.7195,-118.7904,6,3.3,0.1,Zica-20180113-173188
362196,32.7182,-118.7937,4,0.4,0.5,Zica-20180113-173188
363480,32.7182,-118.7961,6,23.5,-0,Zica-20180113-173188
364496,32.7195,-118.7996,4,0.3,0.2,Zica-20180113-173188
365574,32.7187,-118.8016,7,24.6,0.5,Zica-20180113-173188
366266,32.7182,-118.8023,9,15.3,0.4,Zica-20180113-173188
370066,32.7245,-118.788,5,6.8,0.9,Zica-20180113-173188
371181,32.7311,-118.7818,5,11.2,1.1,Zica-20180113-173188
372169,32.7374,-118.7811,8,11.8,1.1,Zica-20180113-173188
373802,32.754,-118.7939,4,1.1,2.3,Zica-20180113-173188
376277,32.753,-118.7793,4,0.1,0.8,Zica-20180113-173188
377403,32.7559,-118.7825,6,5.7,1,Zica-20180113-173188
380755,32.752,-118.7793,4,1.1,0.8,Zica-20180113-173188
381833,32.7475,-118.7794,4,1.2,1,Zica-20180113-173188
384395,32.7402,-118.7982,4,0.8,0.7,Zica-20180113-173188
385368,32.7384,-118.8049,5,4.8,1.1,Zica-20180113-173188
389172,32.7292,-118.7993,4,0.3,1.2,Zica-20180113-173188
390540,32.7226,-118.8049,6,15,1.2,Zica-20180113-173188
391692,32.7217,-118.8144,4,0.4,1.2,Zica-20180113-173188
392875,32.7232,-118.8219,5,7,1.2,Zica-20180113-173188
394061,32.7238,-118.8272,5,2.4,0.7,Zica-20180113-173188
394684,32.7237,-118.8299,6,8.9,0.9,Zica-20180113-173188
395841,32.722,-118.8306,6,8.9,1.1,Zica-20180113-173188
398667,32.7328,-118.838,5,11.1,1.2,Zica-20180113-173188
400086,32.7398,-118.8418,4,1,0.7,Zica-20180113-173188
401185,32.7448,-118.8461,5,13.7,1,Zica-20180113-173188
403228,32.7532,-118.8481,7,9.7,1.2,Zica-20180113-173188
404339,32.7573,-118.8408,4,0.5,0.9,Zica-20180113-173188
408599,32.7468,-118.8322,5,8,1,Zica-20180113-173188
410162,32.7412,-118.8191,4,0.2,0.4,Zica-20180113-173188
411653,32.7397,-118.8037,4,0.7,1.6,Zica-20180113-173188
412999,32.7365,-118.7941,7,8.4,1.3,Zica-20180113-173188
414307,32.735,-118.7871,4,0.2,1.6,Zica-20180113-173188
415770,32.73,-118.7769,4,0.1,0.4,Zica-20180113-173188
416589,32.7249,-118.7707,5,7.6,0.9,Zica-20180113-173188
434881,32.6163,-118.7437,4,0.4,1.2,Zica-20180113-173188
436060,32.6155,-118.7492,4,0.2,0.7,Zica-20180113-173188
444001,32.6184,-118.7488,4,0.6,0.3,Zica-20180113-173188
447424,32.6427,-118.7319,4,1.2,2.3,Zica-20180113-173188
448800,32.6561,-118.7405,5,6.8,1,Zica-20180113-173188
454440,32.6721,-118.7067,4,0.5,1.6,Zica-20180113-173188
455701,32.6761,-118.694,4,0.6,1.3,Zica-20180113-173188
458822,32.6884,-118.6861,4,0.4,1,Zica-20180113-173188
464405,32.7137,-118.6809,6,5.9,0.9,Zica-20180113-173188
465580,32.7159,-118.6726,6,7.3,1.3,Zica-20180113-173188
466733,32.7208,-118.6661,6,3.3,1.1,Zica-20180113-173188
468011,32.727,-118.66,6,13,1,Zica-20180113-173188
469399,32.7331,-118.656,7,13.1,0.7,Zica-20180113-173188
470515,32.7458,-118.6601,8,7.3,1,Zica-20180113-173188
473862,32.7459,-118.6507,7,10.4,1.2,Zica-20180113-173188
475115,32.7366,-118.646,6,6.4,1.2,Zica-20180113-173188
476323,32.7302,-118.6445,7,7.2,1.2,Zica-20180113-173188
477162,32.7304,-118.6446,7,6.5,1.3,Zica-20180113-173188
477970,32.7372,-118.6444,4,1.6,1.5,Zica-20180113-173188
481455,32.7348,-118.6371,8,11.3,1.2,Zica-20180113-173188
482675,32.7235,-118.6328,6,23,0.5,Zica-20180113-173188
483875,32.7157,-118.6311,6,8.4,0.7,Zica-20180113-173188
484854,32.7104,-118.6298,8,10.6,1.4,Zica-20180113-173188
485670,32.7054,-118.6308,7,18.1,0.8,Zica-20180113-173188
486967,32.6979,-118.6437,8,18.3,1.5,Zica-20180113-173188
487871,32.6995,-118.6475,8,10.4,1,Zica-20180113-173188
490578,32.7023,-118.6537,8,15.1,1.4,Zica-20180113-173188
4234,32.839,-119.0059,7,8.3,0.2,Zica-20180330-173188
5732,32.8361,-118.9949,6,10.4,-0.6,Zica-20180330-173188
7303,32.8334,-118.9906,8,17.3,-0.3,Zica-20180330-173188
8509,32.8306,-118.9933,8,10.1,-0.9,Zica-20180330-173188
9947,32.8252,-119.0003,9,13.3,-0.4,Zica-20180330-173188
11207,32.8162,-119.0048,8,7.6,-0.2,Zica-20180330-173188
11839,32.8121,-119.0019,9,6.3,-0.7,Zica-20180330-173188
16766,32.7899,-118.9806,6,7.7,-1,Zica-20180330-173188
18306,32.7786,-118.9754,5,1.7,0,Zica-20180330-173188
19650,32.7717,-118.9706,6,8.2,0.1,Zica-20180330-173188
21460,32.7677,-118.9781,5,22.2,0.5,Zica-20180330-173188
23359,32.7598,-118.9742,5,10.2,0.3,Zica-20180330-173188
25134,32.756100000000004,-118.9659,5,2.4,0.2,Zica-20180330-173188
26048,32.7551,-118.9647,5,2.4,-0.2,Zica-20180330-173188
30555,32.7318,-118.9584,6,0.8,-1.2,Zica-20180330-173188
32085,32.7345,-118.94970000000001,7,9.6,-1.2,Zica-20180330-173188
33038,32.7351,-118.9513,6,6.9,-1.4,Zica-20180330-173188
33607,32.7364,-118.945,5,4.3,-1.4,Zica-20180330-173188
34203,32.7384,-118.9387,6,14.6,-1.5,Zica-20180330-173188
38620,32.7183,-118.9315,6,16.1,0.2,Zica-20180330-173188
39773,32.7169,-118.9248,4,4,0,Zica-20180330-173188
40974,32.7226,-118.9185,5,3.1,0.3,Zica-20180330-173188
44562,32.7109,-118.8987,6,9.4,0.3,Zica-20180330-173188
45725,32.7056,-118.8913,6,4.2,0.4,Zica-20180330-173188
46938,32.7026,-118.8852,5,6.5,-0.3,Zica-20180330-173188
47967,32.7015,-118.8816,6,6.4,-0.6,Zica-20180330-173188
48642,32.7036,-118.8807,7,6.4,0.3,Zica-20180330-173188
52352,32.7252,-118.872,7,6.2,0.2,Zica-20180330-173188
53445,32.7324,-118.8686,6,7.7,-0.2,Zica-20180330-173188
54433,32.7392,-118.8605,4,0.3,-0.7,Zica-20180330-173188
55814,32.7503,-118.8585,5,12.5,-0.3,Zica-20180330-173188
57043,32.7587,-118.8562,4,0.4,-0.7,Zica-20180330-173188
58137,32.7644,-118.8591,7,11.3,0,Zica-20180330-173188
61828,32.7764,-118.8405,5,2,-0.4,Zica-20180330-173188
62850,32.7813,-118.8346,9,8.6,-0.3,Zica-20180330-173188
64421,32.7912,-118.8325,9,8.9,-0,Zica-20180330-173188
65620,32.8034,-118.8358,7,2.5,-0.1,Zica-20180330-173188
67093,32.8162,-118.8407,7,11.5,-0.4,Zica-20180330-173188
68528,32.8263,-118.8432,7,9.2,0.3,Zica-20180330-173188
72400,32.8442,-118.8564,5,6.3,0.2,Zica-20180330-173188
73795,32.8459,-118.8551,5,12.8,-0,Zica-20180330-173188
75210,32.8537,-118.8616,6,18.8,-0.3,Zica-20180330-173188
76821,32.8613,-118.8663,5,1,0.3,Zica-20180330-173188
78077,32.8642,-118.87,6,5.6,0,Zica-20180330-173188
81508,32.8628,-118.8767,5,0.3,-0.5,Zica-20180330-173188
84218,32.8772,-118.8761,6,9.1,0.4,Zica-20180330-173188
85872,32.8668,-118.8687,5,1.5,-0.1,Zica-20180330-173188
87403,32.8572,-118.8656,6,20.9,-0.7,Zica-20180330-173188
88971,32.8493,-118.863,6,7.1,-0.1,Zica-20180330-173188
90382,32.8438,-118.8596,6,11.8,-1.1,Zica-20180330-173188
94770,32.8509,-118.862,7,7,0.2,Zica-20180330-173188
96313,32.851,-118.8596,6,1.8,0,Zica-20180330-173188
97742,32.8529,-118.865,8,12.6,0.3,Zica-20180330-173188
99275,32.8551,-118.8703,6,3.3,0.4,Zica-20180330-173188
100791,32.8523,-118.8751,6,6,-0,Zica-20180330-173188
102314,32.8525,-118.8832,6,1.7,-0.4,Zica-20180330-173188
103894,32.8541,-118.8878,5,3.7,-0.2,Zica-20180330-173188
108897,32.8467,-118.9058,4,0.3,0.5,Zica-20180330-173188
109629,32.8414,-118.9047,5,10.9,0.3,Zica-20180330-173188
110615,32.8366,-118.9032,5,2.3,0.6,Zica-20180330-173188
112116,32.8341,-118.9077,5,2.3,0.5,Zica-20180330-173188
112907,32.8336,-118.9092,7,7.9,0.3,Zica-20180330-173188
113925,32.8402,-118.9116,5,5.6,-0.5,Zica-20180330-173188
115290,32.8529,-118.9171,5,0.6,0.2,Zica-20180330-173188
120242,32.8542,-118.9123,5,21.2,-0.8,Zica-20180330-173188
124535,32.8541,-118.8978,5,6.7,0.2,Zica-20180330-173188
125475,32.8544,-118.902,6,4.9,-0.4,Zica-20180330-173188
130941,32.8647,-118.9204,5,3.5,-0.1,Zica-20180330-173188
132064,32.8661,-118.918,6,10.8,-0.4,Zica-20180330-173188
133859,32.8634,-118.924,5,11.4,0.1,Zica-20180330-173188
135074,32.8636,-118.9214,6,4.1,-0.4,Zica-20180330-173188
136581,32.8664,-118.9248,7,12.5,0.4,Zica-20180330-173188
137928,32.8658,-118.9215,6,3.3,-0.1,Zica-20180330-173188
138782,32.8641,-118.9199,6,3.7,-0.1,Zica-20180330-173188
142739,32.8621,-118.9194,5,9.2,-0.4,Zica-20180330-173188
144046,32.8608,-118.9127,4,0.3,-0.1,Zica-20180330-173188
145738,32.8673,-118.9072,7,2.3,0.2,Zica-20180330-173188
147686,32.8646,-118.9021,7,5.2,0.2,Zica-20180330-173188
148731,32.8633,-118.902,8,13.1,-0.4,Zica-20180330-173188
154329,32.8433,-118.8797,7,11.8,-1.1,Zica-20180330-173188
155657,32.8381,-118.8763,6,7.8,-0.7,Zica-20180330-173188
157141,32.834,-118.8725,5,11.3,-1.2,Zica-20180330-173188
158552,32.8328,-118.8685,4,1.1,-0.9,Zica-20180330-173188
160342,32.8354,-118.871,7,9.5,-1.4,Zica-20180330-173188
161908,32.835,-118.8756,5,9.2,-1.4,Zica-20180330-173188
163704,32.8376,-118.8788,5,0.6,-0.7,Zica-20180330-173188
165149,32.841,-118.8785,5,1.2,-0.6,Zica-20180330-173188
169521,32.8463,-118.8983,6,8.7,-0.7,Zica-20180330-173188
171079,32.8514,-118.9018,6,1.4,-1.2,Zica-20180330-173188
172819,32.8534,-118.9092,5,0.9,-1.2,Zica-20180330-173188
174810,32.8397,-118.9016,6,12.2,-0.6,Zica-20180330-173188
176713,32.8242,-118.9072,5,2.2,-1.3,Zica-20180330-173188
178021,32.8164,-118.9072,7,11.2,-1.1,Zica-20180330-173188
182882,32.7929,-118.9162,7,13.9,-1.3,Zica-20180330-173188
184247,32.7841,-118.9125,8,9.5,-0.6,Zica-20180330-173188
186236,32.7743,-118.9138,7,8.8,-0.3,Zica-20180330-173188
187585,32.7671,-118.9079,6,7.4,0.2,Zica-20180330-173188
192399,32.7472,-118.8882,4,0.8,-0.1,Zica-20180330-173188
193818,32.7463,-118.8774,5,22,-0.7,Zica-20180330-173188
195435,32.743,-118.8663,5,2.2,0.3,Zica-20180330-173188
197013,32.7447,-118.852,5,1.2,0.5,Zica-20180330-173188
198714,32.742,-118.8405,6,6.4,-0.3,Zica-20180330-173188
199662,32.7417,-118.8401,6,11.6,0.2,Zica-20180330-173188
200714,32.742,-118.8384,6,6.2,0.2,Zica-20180330-173188
205285,32.7393,-118.8174,7,11.1,-0.1,Zica-20180330-173188
207363,32.7496,-118.7961,4,0.8,0.4,Zica-20180330-173188
208871,32.7565,-118.7966,5,9.4,0.1,Zica-20180330-173188
209903,32.7604,-118.8025,4,0.5,-0.2,Zica-20180330-173188
211326,32.7605,-118.8114,4,0.1,0.5,Zica-20180330-173188
212252,32.7621,-118.8144,5,0.5,0.5,Zica-20180330-173188
217042,32.7659,-118.8364,5,1.2,0.1,Zica-20180330-173188
218348,32.7633,-118.8406,6,4.1,0.1,Zica-20180330-173188
219851,32.7609,-118.8474,4,0.5,0.3,Zica-20180330-173188
221222,32.7577,-118.8526,5,2.6,-0.4,Zica-20180330-173188
221851,32.7558,-118.8493,4,0.5,0.2,Zica-20180330-173188
226457,32.7588,-118.8736,5,2.3,-0.4,Zica-20180330-173188
227683,32.7641,-118.8719,4,0.3,0.4,Zica-20180330-173188
228869,32.7736,-118.8799,6,8,-0.1,Zica-20180330-173188
230346,32.7808,-118.8799,4,0.2,0.1,Zica-20180330-173188
231550,32.7855,-118.8819,7,5.5,-0.4,Zica-20180330-173188
236627,32.8096,-118.8688,6,7.6,-0.1,Zica-20180330-173188
238070,32.8171,-118.8718,6,6.7,-0.2,Zica-20180330-173188
239591,32.8239,-118.8729,6,5.3,-0.2,Zica-20180330-173188
241176,32.8286,-118.879,7,4.6,-0,Zica-20180330-173188
242778,32.8313,-118.8814,6,9.6,0,Zica-20180330-173188
244478,32.8352,-118.8851,7,11.3,0.5,Zica-20180330-173188
245741,32.8384,-118.8874,5,4.6,0.2,Zica-20180330-173188
250170,32.8479,-118.8819,4,0.4,0,Zica-20180330-173188
253804,32.8779,-118.8951,5,6.9,0.4,Zica-20180330-173188
255543,32.8866,-118.906,5,1.1,-0.4,Zica-20180330-173188
257359,32.8958,-118.9185,6,5.7,0,Zica-20180330-173188
258803,32.8969,-118.9261,4,0.6,-0.3,Zica-20180330-173188
264375,32.8694,-118.9023,5,9.8,0,Zica-20180330-173188
265528,32.8633,-118.9019,7,8.9,0.5,Zica-20180330-173188
266960,32.858,-118.9036,10,11.4,-0.4,Zica-20180330-173188
268571,32.8535,-118.9077,8,11.5,-1.1,Zica-20180330-173188
270205,32.8504,-118.9022,8,10,-1.2,Zica-20180330-173188
271452,32.8512,-118.8983,7,10.4,0.2,Zica-20180330-173188
275476,32.8316,-118.9209,4,0.3,0.5,Zica-20180330-173188
276108,32.8278,-118.9274,4,0.4,-0.3,Zica-20180330-173188
277464,32.8263,-118.9365,5,8.3,0.5,Zica-20180330-173188
279132,32.8238,-118.948,5,4.8,0.1,Zica-20180330-173188
280573,32.8211,-118.9586,6,9.2,0.4,Zica-20180330-173188
281233,32.8178,-118.9594,4,0.5,0.3,Zica-20180330-173188
284959,32.8081,-118.9797,6,4.5,0.2,Zica-20180330-173188
286207,32.7988,-118.987,7,8,0,Zica-20180330-173188
287615,32.7989,-118.9924,4,0.2,0.2,Zica-20180330-173188
288942,32.8027,-119.0011,5,2.1,-0.3,Zica-20180330-173188
289916,32.804,-119.0064,4,0.1,-0.4,Zica-20180330-173188
291622,32.802,-118.9984,6,10.3,0.2,Zica-20180330-173188
296136,32.7864,-118.9721,7,16.3,-0.3,Zica-20180330-173188
301100,32.777,-119.0014,5,4.6,-0.2,Zica-20180330-173188
303090,32.7764,-119.0299,5,19.6,0,Zica-20180330-173188
305377,32.7806,-119.0563,4,0.2,0.1,Zica-20180330-173188
308516,32.7836,-119.0366,5,1.3,0.5,Zica-20180330-173188
314279,32.7993,-119.0266,4,0.5,0.2,Zica-20180330-173188
314902,32.7965,-119.0306,4,0.2,0.6,Zica-20180330-173188
316509,32.8075,-119.0356,4,0.1,-0.1,Zica-20180330-173188
318147,32.8113,-119.0451,5,10.2,0.4,Zica-20180330-173188
320246,32.8228,-119.0493,5,4.5,0.4,Zica-20180330-173188
321488,32.825,-119.046,5,9.3,0.6,Zica-20180330-173188
326697,32.7998,-119.0421,4,0.1,0.3,Zica-20180330-173188
327800,32.792,-119.0466,5,5.6,-0,Zica-20180330-173188
328624,32.7872,-119.0508,5,3.6,0.4,Zica-20180330-173188
329936,32.7909,-119.057,5,15.8,-0.1,Zica-20180330-173188
332007,32.7872,-119.0565,7,11.8,0.6,Zica-20180330-173188
336051,32.7917,-119.0652,4,2.7,-0.1,Zica-20180330-173188
340168,32.7775,-119.0845,5,7.9,0.4,Zica-20180330-173188
341621,32.7726,-119.0888,5,2.9,0.3,Zica-20180330-173188
342976,32.7711,-119.0912,5,6.4,0.5,Zica-20180330-173188
347190,32.7672,-119.0997,5,9.6,-0.1,Zica-20180330-173188
348974,32.7669,-119.0908,5,0.5,-0.2,Zica-20180330-173188
350558,32.7698,-119.0836,4,0.8,0.3,Zica-20180330-173188
351663,32.7749,-119.0816,5,1.2,0.2,Zica-20180330-173188
355618,32.7765,-119.0545,7,14.5,-0.8,Zica-20180330-173188
356932,32.7807,-119.0364,7,15.8,-1.3,Zica-20180330-173188
358694,32.7868,-119.021,6,7.4,-0.1,Zica-20180330-173188
360371,32.7986,-119.006,4,0.4,0.2,Zica-20180330-173188
362109,32.8071,-118.9987,4,0.8,-0.2,Zica-20180330-173188
369074,32.7502,-118.9939,4,0.1,0.7,Zica-20180330-173188
370012,32.7409,-118.989,4,0.5,0.6,Zica-20180330-173188
371326,32.7336,-118.9814,6,5.1,0.1,Zica-20180330-173188
372412,32.725,-118.9672,5,5.5,0.3,Zica-20180330-173188
373673,32.7151,-118.9553,5,4.3,-0,Zica-20180330-173188
377587,32.7007,-118.9125,4,0.4,0,Zica-20180330-173188
380696,32.7021,-118.9023,4,0.9,-0,Zica-20180330-173188
382568,32.7187,-118.9014,6,11.1,0.3,Zica-20180330-173188
383687,32.7321,-118.901,5,3,0.2,Zica-20180330-173188
398726,32.8617,-118.9813,4,0.1,0.6,Zica-20180330-173188
399662,32.8583,-118.985,4,0.8,-0.1,Zica-20180330-173188
403097,32.8651,-118.9989,4,0.3,-0.2,Zica-20180330-173188
407105,32.8726,-119.0116,4,1.3,0,Zica-20180330-173188
408605,32.8768,-119.0176,9,10.8,0.4,Zica-20180330-173188
409672,32.8814,-119.026,8,14.2,0.2,Zica-20180330-173188
411244,32.8767,-119.0287,6,3.4,-0.2,Zica-20180330-173188
412986,32.8741,-119.0338,6,1.3,0.1,Zica-20180330-173188
414845,32.8769,-119.0346,5,0.4,0.1,Zica-20180330-173188
416472,32.8902,-119.0319,4,0.8,0.7,Zica-20180330-173188
417552,32.8848,-119.0336,4,0.9,-0.2,Zica-20180330-173188
419294,32.8867,-119.0346,5,7.7,0.1,Zica-20180330-173188
421141,32.8912,-119.0354,4,1.8,-0.6,Zica-20180330-173188
422078,32.8884,-119.0409,4,0.4,-0.3,Zica-20180330-173188
427511,32.8997,-119.0558,5,6.8,0.2,Zica-20180330-173188
428898,32.9066,-119.0596,4,0.3,0.2,Zica-20180330-173188
430517,32.9061,-119.068,5,1.4,0.1,Zica-20180330-173188
432068,32.9096,-119.0783,4,0.2,-0.1,Zica-20180330-173188
432681,32.912,-119.084,4,1.1,-0.1,Zica-20180330-173188
438041,32.8695,-119.1407,5,2.1,-0,Zica-20180330-173188
439943,32.8624,-119.1586,4,0.1,0.6,Zica-20180330-173188
443229,32.8871,-119.1833,6,8.8,0.3,Zica-20180330-173188
445376,32.906,-119.1919,5,11.7,-0.3,Zica-20180330-173188
451877,32.9659,-119.1897,5,3.4,-0.9,Zica-20180330-173188
455466,33.0024,-119.1664,4,3.3,-1.1,Zica-20180330-173188
456780,33.0128,-119.1608,5,9.1,-1,Zica-20180330-173188
461789,33.0168,-119.1345,6,15.5,-0.4,Zica-20180330-173188
463028,33.0241,-119.1194,5,10.5,-0.5,Zica-20180330-173188
463620,33.0301,-119.1155,5,17.9,-1,Zica-20180330-173188
465726,33.0362,-119.0917,4,0.2,-0.9,Zica-20180330-173188
466863,33.0342,-119.0796,5,7.1,-1.2,Zica-20180330-173188
470567,33.0255,-119.078,5,1.2,-0.8,Zica-20180330-173188
471186,33.0237,-119.0696,5,3.5,-1.1,Zica-20180330-173188
472138,33.0225,-119.0569,5,10.7,-1,Zica-20180330-173188
473533,33.0208,-119.0452,5,3.7,-1.1,Zica-20180330-173188
476193,33.0182,-119.0237,5,3,-0.8,Zica-20180330-173188
476902,33.0169,-119.0219,4,0.3,-1.3,Zica-20180330-173188
481396,33.0128,-118.9834,5,8.1,-1.3,Zica-20180330-173188
482056,33.0109,-118.9746,4,0.4,-0.6,Zica-20180330-173188
482761,33.0072,-118.966,6,3.3,-1,Zica-20180330-173188
484590,33.0011,-118.9405,6,14.5,-0.5,Zica-20180330-173188
487321,32.9825,-118.9273,4,0.8,-1.2,Zica-20180330-173188
490232,32.9537,-118.9091,5,9.1,-0.7,Zica-20180330-173188
494121,32.94,-118.8893,5,8.8,-1.7,Zica-20180330-173188
494914,32.9287,-118.884,4,0.4,-2.3,Zica-20180330-173188
495528,32.919,-118.8806,5,2.1,-0.7,Zica-20180330-173188
497161,32.907,-118.878,7,8.3,-2,Zica-20180330-173188
500698,32.8899,-118.8812,6,15.4,-0.9,Zica-20180330-173188
501307,32.8849,-118.8792,6,3.4,-0.8,Zica-20180330-173188
505366,32.8438,-118.8642,6,10.4,-0.4,Zica-20180330-173188
505987,32.8413,-118.8595,6,5.3,-1.2,Zica-20180330-173188
507006,32.8343,-118.8563,5,0.6,-1.3,Zica-20180330-173188
508441,32.8297,-118.8489,4,0.5,-0.2,Zica-20180330-173188
509768,32.8217,-118.8483,5,2.2,-0.3,Zica-20180330-173188
514992,32.8159,-118.826,6,5.6,-0.4,Zica-20180330-173188
515897,32.819,-118.823,5,5.2,-1,Zica-20180330-173188
517443,32.8118,-118.8192,4,3.4,-1.4,Zica-20180330-173188
520744,32.8161,-118.8318,4,0.6,-0.6,Zica-20180330-173188
535561,32.751,-118.8844,4,0.3,-0.9,Zica-20180330-173188
538875,32.7487,-118.8747,4,0.1,-1.1,Zica-20180330-173188
577963,32.8582,-119.0387,4,0.1,-0.7,Zica-20180330-173188
580505,32.8656,-119.0353,4,1.1,-2.3,Zica-20180330-173188
585961,32.8427,-119.0047,4,2.6,-1.5,Zica-20180330-173188
589263,32.8359,-118.9884,4,0.1,-0.9,Zica-20180330-173188
632826,32.8814,-118.9631,4,0.6,-0.4,Zica-20180330-173188
637233,32.9001,-118.9271,4,0.1,-1,Zica-20180330-173188
665405,32.803,-119.0182,4,0.5,-0.6,Zica-20180330-173188
666892,32.7993,-119.006,4,1.4,-1.2,Zica-20180330-173188
669905,32.7877,-118.9871,4,0.4,-1.1,Zica-20180330-173188
683041,32.8188,-119.0201,4,0.7,-0.4,Zica-20180330-173188
700695,32.8622,-119.0124,4,0.7,-0.7,Zica-20180330-173188
704701,32.8582,-118.9961,4,1,-0.7,Zica-20180330-173188
717303,32.7959,-119.0505,4,0.2,-2.8,Zica-20180330-173188
782109,32.7991,-118.9724,4,0.2,-1.2,Zica-20180330-173188
813013,32.7767,-118.923,5,9.4,-0.3,Zica-20180330-173188
826794,32.7179,-118.8997,4,0.5,-1.1,Zica-20180330-173188
836538,32.7143,-118.9345,4,0.1,-0.8,Zica-20180330-173188
840260,32.7153,-118.9075,4,0.4,-0.8,Zica-20180330-173188
843155,32.7061,-118.8733,5,14.2,-1.1,Zica-20180330-173188
847724,32.7097,-118.8554,5,10.6,-0.2,Zica-20180330-173188
866223,32.65,-118.8134,4,0.7,-2.2,Zica-20180330-173188
867797,32.6683,-118.8016,4,0.3,-0.6,Zica-20180330-173188
924701,32.8682,-119.0294,4,0.1,-0.9,Zica-20180330-173188
971745,32.8515,-119.0699,4,0.4,-0.4,Zica-20180330-173188
978512,32.8527,-119.0194,4,0.2,-0.1,Zica-20180330-173188
996790,32.8424,-119.0211,4,0.4,-0.3,Zica-20180330-173188
1014006,32.8474,-119.0135,4,0.2,-0.8,Zica-20180330-173188
1023476,32.8309,-119.0385,4,0.2,-0.1,Zica-20180330-173188
1039621,32.865,-118.9795,4,0.1,-0.4,Zica-20180330-173188
1043295,32.8844,-118.9407,4,0.6,-0.3,Zica-20180330-173188
1047069,32.8868,-118.9594,4,0.4,-0.1,Zica-20180330-173188
1060261,32.8644,-119.0194,4,0.2,-0.4,Zica-20180330-173188
1064755,32.8549,-119.0215,4,1.1,-0.6,Zica-20180330-173188
1070242,32.8405,-119.0693,4,1.8,-0.9,Zica-20180330-173188
1074179,32.8424,-119.1002,4,0.9,-0.5,Zica-20180330-173188
1076950,32.8449,-119.1326,4,0.6,-0.6,Zica-20180330-173188
1078151,32.843,-119.128,4,0.2,-1.1,Zica-20180330-173188
1081059,32.8398,-119.1244,5,2.1,-0.2,Zica-20180330-173188
1082520,32.8512,-119.1323,4,0.5,-0.5,Zica-20180330-173188
1090167,32.8995,-119.1203,4,0.2,-0.2,Zica-20180330-173188
1095588,32.8765,-119.1129,4,0.1,-0.3,Zica-20180330-173188
1096809,32.879,-119.0999,5,1.3,-0.9,Zica-20180330-173188
1097880,32.882,-119.0893,4,0.4,-0.9,Zica-20180330-173188
1098785,32.873,-119.0853,4,1,-0.8,Zica-20180330-173188
1103121,32.8684,-119.0717,4,0.1,-0.2,Zica-20180330-173188
1117904,32.8776,-119.0176,6,8.1,-0.6,Zica-20180330-173188
1128206,32.8401,-119.0029,6,5.9,-0.2,Zica-20180330-173188
1129397,32.8352,-118.999,6,10.1,-0.5,Zica-20180330-173188
1131307,32.8301,-118.9899,4,0.5,-0.4,Zica-20180330-173188
1132629,32.8234,-118.9846,4,0.5,-1,Zica-20180330-173188
1133546,32.8234,-118.9847,4,0.2,-0.3,Zica-20180330-173188
1137454,32.8329,-119.0001,5,5.9,-0.8,Zica-20180330-173188
1141988,32.8281,-119.0039,4,0.3,-0.6,Zica-20180330-173188
1147600,32.8353,-118.9784,4,0.1,-0.6,Zica-20180330-173188
1149938,32.8446,-118.9578,4,0.4,-0.5,Zica-20180330-173188
1152367,32.8424,-118.9676,4,0.2,-0.6,Zica-20180330-173188
1156944,32.8189,-118.9601,5,2.5,-0.1,Zica-20180330-173188
1157525,32.8182,-118.9648,4,1.5,-0.3,Zica-20180330-173188
1164540,32.842,-118.9889,4,0.3,-0.9,Zica-20180330-173188
1167666,32.8456,-118.9871,4,0.7,-0.6,Zica-20180330-173188
1173142,32.8336,-119.0071,4,0.1,-0.5,Zica-20180330-173188
1176954,32.8248,-119.0056,5,3.1,-0.1,Zica-20180330-173188
1178737,32.8042,-119.0032,5,1.6,-0.6,Zica-20180330-173188
1181653,32.8096,-118.9929,7,9,-0.9,Zica-20180330-173188
1182244,32.8104,-118.985,8,9.1,-0.9,Zica-20180330-173188
1183400,32.8165,-118.976,7,14.4,-0.1,Zica-20180330-173188
1183991,32.8211,-118.9728,6,4.6,-1.6,Zica-20180330-173188
1189835,32.8407,-118.9786,5,15.2,-1.1,Zica-20180330-173188
1191300,32.8455,-118.9838,6,11,-1.6,Zica-20180330-173188
1194165,32.8502,-118.9923,8,13.8,-1.9,Zica-20180330-173188
1196343,32.8492,-119.0105,5,8.2,-1.7,Zica-20180330-173188
1198099,32.85,-119.0193,6,5.9,-1,Zica-20180330-173188
1199490,32.8513,-119.0251,6,7.6,-0.2,Zica-20180330-173188
1206420,32.8652,-119.012,7,11.1,-0.6,Zica-20180330-173188
1207985,32.8755,-119.0008,6,10.2,-0,Zica-20180330-173188
1211911,32.8926,-118.9839,6,10.3,0,Zica-20180330-173188
1213392,32.8879,-118.9581,7,10.1,-0.2,Zica-20180330-173188
1214703,32.8888,-118.9454,6,13.6,-0.2,Zica-20180330-173188
1216580,32.8951,-118.9289,6,9.6,-0.6,Zica-20180330-173188
1218024,32.8988,-118.9163,7,11.9,-0.5,Zica-20180330-173188
1219649,32.8904,-118.9061,6,5.4,-0.2,Zica-20180330-173188
1221320,32.8817,-118.9029,6,13.4,-0.4,Zica-20180330-173188
1222881,32.8745,-118.9008,4,1.7,-0.1,Zica-20180330-173188
1227190,32.8582,-118.8981,5,4.3,-0.6,Zica-20180330-173188
1228452,32.8539,-118.9069,5,7.5,-0.9,Zica-20180330-173188
1229546,32.8539,-118.9037,5,17.4,-0.1,Zica-20180330-173188
1231308,32.8454,-118.8953,4,0.6,-1,Zica-20180330-173188
1232780,32.8417,-118.8865,8,16.9,-0.5,Zica-20180330-173188
1233495,32.836,-118.8921,6,3.2,-0.2,Zica-20180330-173188
1238286,32.8657,-118.9073,7,5.3,-0.4,Zica-20180330-173188
1238909,32.8675,-118.9195,4,1.2,-0.1,Zica-20180330-173188
1239486,32.863,-118.9179,6,10.1,-0.2,Zica-20180330-173188
1240518,32.8623,-118.9287,5,6,-0.4,Zica-20180330-173188
1241181,32.8593,-118.9327,5,16,-0.6,Zica-20180330-173188
1242136,32.8569,-118.9398,7,5.4,-0,Zica-20180330-173188
1243224,32.853,-118.9523,5,11.3,-0.2,Zica-20180330-173188
1244515,32.8491,-118.9635,5,1.5,-0.8,Zica-20180330-173188
1245440,32.8446,-118.9706,5,4,-0.8,Zica-20180330-173188
1250589,32.8479,-118.9996,6,18.9,-0.6,Zica-20180330-173188
1251964,32.8418,-119.0039,5,3.4,-0.8,Zica-20180330-173188
1254481,32.8305,-119.0092,5,4.1,-0.7,Zica-20180330-173188
1255564,32.8209,-119.0146,5,1,-0.1,Zica-20180330-173188
1256461,32.8144,-119.0139,5,1.4,-0.3,Zica-20180330-173188
1257312,32.8102,-119.0148,6,7.4,-0.8,Zica-20180330-173188
1261677,32.8064,-119.013,5,5.6,-0.3,Zica-20180330-173188
1265184,32.7968,-119.0378,4,1.6,-0.1,Zica-20180330-173188
1266488,32.8001,-119.0426,7,7.8,-0.9,Zica-20180330-173188
1267808,32.8054,-119.0461,9,7.8,-0.8,Zica-20180330-173188
1273681,32.8068,-119.0267,5,3.2,-0.5,Zica-20180330-173188
1275006,32.7982,-119.0264,5,6.8,-0.3,Zica-20180330-173188
1276573,32.7933,-119.0226,5,1.5,-1.1,Zica-20180330-173188
1278050,32.7938,-119.0166,6,4.4,-0.3,Zica-20180330-173188
1279719,32.7962,-119.0121,6,18.7,-0.9,Zica-20180330-173188
1281306,32.799,-119.0083,7,11.9,-0.9,Zica-20180330-173188
1282752,32.8038,-119.0049,7,10.4,0.1,Zica-20180330-173188
1286850,32.8173,-118.9964,5,6.6,-0.1,Zica-20180330-173188
1288127,32.8188,-118.986,6,17.9,-0,Zica-20180330-173188
1289651,32.821,-118.9808,5,5.7,-0.2,Zica-20180330-173188
1291443,32.8314,-118.969,8,17.2,-0.1,Zica-20180330-173188
1292706,32.8342,-118.9649,6,14.9,-0.3,Zica-20180330-173188
1297959,32.8291,-118.9518,6,0.7,-0.3,Zica-20180330-173188
1300810,32.8174,-118.9446,7,4.9,-0.4,Zica-20180330-173188
1302373,32.8206,-118.9396,7,8.1,-0.8,Zica-20180330-173188
1303389,32.8217,-118.9407,4,0.2,-0.2,Zica-20180330-173188
1306690,32.8364,-118.9536,6,3.2,-0.2,Zica-20180330-173188
1311846,32.8472,-118.981,7,9.3,0,Zica-20180330-173188
1313352,32.8515,-118.9835,6,8.8,-0.7,Zica-20180330-173188
1314779,32.8531,-118.9897,6,16.2,-0.5,Zica-20180330-173188
1316618,32.8543,-118.9962,5,0.5,0,Zica-20180330-173188
1318375,32.8506,-118.989,6,6.2,0,Zica-20180330-173188
1319869,32.8475,-118.9883,7,9.8,-0.1,Zica-20180330-173188
1321399,32.8397,-118.9866,7,27,-0.3,Zica-20180330-173188
1322933,32.8327,-118.9874,5,0.9,0.1,Zica-20180330-173188
1323759,32.8294,-118.9877,6,6.7,-0,Zica-20180330-173188
1328008,32.8327,-118.9759,4,1,-0.8,Zica-20180330-173188
1328754,32.8379,-118.9754,5,7.3,-0.2,Zica-20180330-173188
1329747,32.8401,-118.9763,6,12.6,-0.6,Zica-20180330-173188
1330783,32.8473,-118.9759,4,17.1,0.1,Zica-20180330-173188
1332366,32.847,-118.9792,7,10,-0.7,Zica-20180330-173188
1336683,32.8522,-119.005,6,9.7,-0.8,Zica-20180330-173188
1338366,32.8496,-119.0164,6,6.3,-0.2,Zica-20180330-173188
1339558,32.8469,-119.0234,5,4.4,-0.2,Zica-20180330-173188
1340571,32.8446,-119.0285,5,4,-0.2,Zica-20180330-173188
1341434,32.8416,-119.03,6,1.7,-0.7,Zica-20180330-173188
1342166,32.8405,-119.0332,5,1.7,0.1,Zica-20180330-173188
1343350,32.8431,-119.0289,6,8.1,-0.5,Zica-20180330-173188
1347277,32.8393,-119.0434,6,11.6,-0.2,Zica-20180330-173188
1349030,32.8335,-119.0467,5,7.7,0.1,Zica-20180330-173188
1350246,32.835,-119.0426,7,7.8,-1.4,Zica-20180330-173188
1351721,32.8426,-119.038,9,8,-2.3,Zica-20180330-173188
1352888,32.8473,-119.0363,7,11.9,-2.4,Zica-20180330-173188
1353668,32.8497,-119.0299,7,6.3,-2.5,Zica-20180330-173188
1357652,32.8548,-119.0092,5,4.4,-0.9,Zica-20180330-173188
1358760,32.8491,-119.0003,8,6.8,-1.2,Zica-20180330-173188
1359603,32.836,-118.9896,7,8,-1.1,Zica-20180330-173188
1360900,32.8264,-118.9935,5,5.5,-1,Zica-20180330-173188
1362635,32.8189,-119.0071,7,9.7,-1.2,Zica-20180330-173188
1366003,32.8136,-119.0236,6,14.4,-1.9,Zica-20180330-173188
1368359,32.7953,-119.0419,6,4.9,-0.9,Zica-20180330-173188
1370813,32.7769,-119.0745,5,4.1,-1.4,Zica-20180330-173188
1371824,32.772,-119.0825,5,6.6,-0.9,Zica-20180330-173188
1373848,32.7695,-119.0859,6,7,-1.6,Zica-20180330-173188
1378801,32.7876,-119.1047,6,7.1,-1.1,Zica-20180330-173188
1380503,32.8006,-119.1111,7,14.2,-0.9,Zica-20180330-173188
1382589,32.807,-119.1176,5,4.7,-1,Zica-20180330-173188
1386077,32.7944,-119.1311,8,10.9,-1.2,Zica-20180330-173188
1387349,32.7955,-119.1208,6,8.8,-1.5,Zica-20180330-173188
1387953,32.8018,-119.1143,7,9.1,-1.6,Zica-20180330-173188
1388873,32.8037,-119.1012,8,11.1,-2.1,Zica-20180330-173188
1389496,32.8019,-119.0962,6,10.8,-1,Zica-20180330-173188
1391107,32.7967,-119.0883,8,21.1,-2.7,Zica-20180330-173188
1391948,32.8008,-119.0791,7,8.1,-1.9,Zica-20180330-173188
1392673,32.7969,-119.0607,5,1.6,-1,Zica-20180330-173188
1393321,32.7972,-119.0446,6,4.1,-1,Zica-20180330-173188
1393937,32.7991,-119.0307,5,5.6,-1.6,Zica-20180330-173188
1394578,32.7966,-119.0152,5,14.6,-1.4,Zica-20180330-173188
1395414,32.7951,-119.0038,4,0.5,-1.6,Zica-20180330-173188
1396862,32.7985,-118.9787,6,23.4,-2.8,Zica-20180330-173188
1397465,32.7951,-118.9674,4,0.4,-1.6,Zica-20180330-173188
1398617,32.7808,-118.9333,5,13.1,-1.3,Zica-20180330-173188
1400940,32.7853,-118.8968,4,0.3,-1.2,Zica-20180330-173188
1403311,32.8075,-118.8978,5,8.1,-1.3,Zica-20180330-173188
1408222,32.8493,-118.9263,4,0.8,-1.1,Zica-20180330-173188
1409730,32.8586,-118.9372,4,0.8,-1.2,Zica-20180330-173188
1413213,32.8679,-118.921,5,6.2,-1.7,Zica-20180330-173188
1417148,32.8667,-118.9403,4,0.1,-1.1,Zica-20180330-173188
1418971,32.8556,-118.9638,5,7.4,-0.9,Zica-20180330-173188
1421368,32.8479,-118.9882,5,4.1,-2.1,Zica-20180330-173188
1422936,32.8424,-119.0022,4,1,-1.7,Zica-20180330-173188
1426684,32.8447,-119.0017,7,10.3,-1.2,Zica-20180330-173188
1428105,32.8382,-118.9938,5,2.5,-1,Zica-20180330-173188
1428845,32.8396,-118.9953,4,2,-1.5,Zica-20180330-173188
1432455,32.8282,-118.9994,4,0.4,-1.1,Zica-20180330-173188
1433686,32.8232,-119.0037,5,3,-1.2,Zica-20180330-173188
1434436,32.8225,-119.0106,5,1.2,-1.3,Zica-20180330-173188
1435226,32.8237,-119.0154,6,9.3,-1.5,Zica-20180330-173188
1435944,32.8238,-119.0194,5,1.6,-1.6,Zica-20180330-173188
1439896,32.8228,-118.9858,7,16.5,-1.3,Zica-20180330-173188
1440631,32.823,-118.9828,9,6.4,-1.4,Zica-20180330-173188
1441918,32.8276,-118.9852,8,6.1,-1.5,Zica-20180330-173188
1449342,32.8458,-118.9786,5,17,-1.9,Zica-20180330-173188
1450726,32.8498,-118.9675,6,3.2,-1.3,Zica-20180330-173188
1452272,32.853,-118.9651,5,3.7,-0.9,Zica-20180330-173188
1453982,32.86,-118.965,4,0.4,-1.6,Zica-20180330-173188
1455013,32.8652,-118.9606,6,5.2,-1.1,Zica-20180330-173188
1458651,32.8476,-118.9702,5,1.5,-1.8,Zica-20180330-173188
1459400,32.8399,-118.9704,4,0.3,-1,Zica-20180330-173188
1463044,32.8221,-118.9819,6,13.8,-2.6,Zica-20180330-173188
1464459,32.8115,-118.9798,5,12.1,-2.4,Zica-20180330-173188
1466283,32.8012,-118.9858,6,16.9,-2.1,Zica-20180330-173188
1467853,32.7998,-118.9923,7,17.3,-2.1,Zica-20180330-173188
1470127,32.8059,-119.0032,5,7.7,-2.3,Zica-20180330-173188
1474324,32.8188,-119.0116,7,12,-2.5,Zica-20180330-173188
1476966,32.8391,-119.0118,7,8.4,-2.7,Zica-20180330-173188
1478402,32.8457,-119.0129,4,1.1,-1.9,Zica-20180330-173188
1479086,32.8496,-119.0119,6,0.6,-2.3,Zica-20180330-173188
1484136,32.8522,-119.0072,4,0.3,-2.3,Zica-20180330-173188
1486315,32.8549,-118.9947,5,4.1,-2.7,Zica-20180330-173188
1487776,32.8554,-118.9986,5,10.3,-1.9,Zica-20180330-173188
1489173,32.8511,-119.0012,5,0.5,-2.4,Zica-20180330-173188
1489883,32.8515,-118.9996,6,5.2,-2.4,Zica-20180330-173188
1493820,32.8525,-118.9967,6,10.4,-2,Zica-20180330-173188
1496112,32.8463,-119.0125,6,5.2,-2.3,Zica-20180330-173188
1497839,32.8486,-119.0182,6,4.9,-2.1,Zica-20180330-173188
1498446,32.8474,-119.0157,5,6.4,-2.4,Zica-20180330-173188
1499886,32.8458,-119.01,4,0.3,-2.6,Zica-20180330-173188
1504417,32.8277,-118.9893,5,6.4,-2.2,Zica-20180330-173188
1505880,32.8327,-118.9803,4,0.1,-1.9,Zica-20180330-173188
1506535,32.8354,-118.9812,6,10.4,-2.7,Zica-20180330-173188
1507401,32.8396,-118.9825,4,0.6,-2.3,Zica-20180330-173188
1508058,32.8414,-118.9856,4,0.4,-2.3,Zica-20180330-173188
1508747,32.842,-118.9891,5,4,-2.7,Zica-20180330-173188
1509827,32.8396,-118.9903,4,0.2,-2,Zica-20180330-173188
1513439,32.8342,-118.9854,5,1.7,-2.6,Zica-20180330-173188
1514058,32.8387,-118.9914,5,1.2,-2.3,Zica-20180330-173188
1514661,32.8412,-118.9955,5,5.4,-2.1,Zica-20180330-173188
1515302,32.8433,-118.9997,4,0.3,-2.3,Zica-20180330-173188
1516446,32.8438,-119.0052,6,8.9,-1.8,Zica-20180330-173188
1517481,32.8404,-119.01,5,7.5,-2,Zica-20180330-173188
1518692,32.8445,-119.0095,5,0.9,-2.1,Zica-20180330-173188
1521075,32.8603,-119.0091,5,6.1,-2.3,Zica-20180330-173188
1523105,32.8729,-119.0036,8,16,-2.1,Zica-20180330-173188
1523738,32.873,-119.0046,6,5.6,-2.4,Zica-20180330-173188
1525598,32.8642,-119.0106,4,0.5,-2.4,Zica-20180330-173188
1528758,32.8624,-119.0274,5,1.5,-2.5,Zica-20180330-173188
1529676,32.8604,-119.0361,6,17.8,-1.9,Zica-20180330-173188
1530321,32.8587,-119.0416,6,9.8,-2.2,Zica-20180330-173188
1531092,32.8591,-119.0482,4,0.4,-2.5,Zica-20180330-173188
1537582,32.8616,-119.0212,6,5.4,-2.5,Zica-20180330-173188
1539352,32.8578,-119.0095,5,2.7,-2,Zica-20180330-173188
1543023,32.8604,-119.0149,5,0.6,-1.8,Zica-20180330-173188
1544395,32.8548,-119.0088,5,8.8,-2.3,Zica-20180330-173188
1546203,32.8486,-118.9993,5,1,-2.7,Zica-20180330-173188
1547718,32.8488,-118.994,5,0.7,-2.7,Zica-20180330-173188
1549630,32.8503,-118.9867,4,0.9,-2,Zica-20180330-173188
1551582,32.8519,-118.9852,5,13.8,-2.9,Zica-20180330-173188
1555571,32.8829,-119.0108,6,9.6,-1.8,Zica-20180330-173188
1556553,32.8995,-119.0192,7,8.7,-1.8,Zica-20180330-173188
1557763,32.9197,-119.0287,4,1.1,-2.6,Zica-20180330-173188
1559663,32.943600000000004,-119.0427,9,12.6,-2,Zica-20180330-173188
1564141,32.9738,-119.0544,8,9.1,-2.3,Zica-20180330-173188
1566773,33.0002,-119.064,5,8.6,-2.7,Zica-20180330-173188
1569551,33.0026,-119.1046,5,6.9,-2.7,Zica-20180330-173188
1571934,33.0002,-119.1331,4,0.6,-2.3,Zica-20180330-173188
1573039,33.0041,-119.1404,4,0.1,-2.3,Zica-20180330-173188
1578289,32.9848,-119.1761,5,9.2,-2.3,Zica-20180330-173188
1579204,32.9777,-119.1734,5,1.3,-2.3,Zica-20180330-173188
1580537,32.9677,-119.1661,6,2,-2.6,Zica-20180330-173188
1581133,32.9631,-119.1614,6,2.6,-2.1,Zica-20180330-173188
1581738,32.9561,-119.1556,6,3.9,-2,Zica-20180330-173188
1582628,32.9473,-119.1473,4,1.4,-1.9,Zica-20180330-173188
1583402,32.9367,-119.1429,6,10.9,-1.9,Zica-20180330-173188
1588572,32.9066,-119.1384,4,0.7,-1.7,Zica-20180330-173188
1590485,32.8952,-119.115,6,16.1,-2.1,Zica-20180330-173188
1591128,32.8926,-119.1069,5,0.8,-2,Zica-20180330-173188
1592056,32.8914,-119.0949,7,8.7,-2,Zica-20180330-173188
1592790,32.8871,-119.0866,5,3.6,-2,Zica-20180330-173188
1594701,32.8776,-119.0719,4,0.8,-2.7,Zica-20180330-173188
1596484,32.8684,-119.0597,5,5,-1.2,Zica-20180330-173188
1597330,32.8569,-119.0618,5,6.1,-1.8,Zica-20180330-173188
1601415,32.8411,-119.0416,7,5.7,-2.5,Zica-20180330-173188
1603346,32.8232,-119.0211,6,4.4,-2.3,Zica-20180330-173188
1604167,32.8175,-119.0127,7,15.8,-2.3,Zica-20180330-173188
1605393,32.8114,-119.0014,4,0.1,-2.3,Zica-20180330-173188
1608558,32.8116,-118.9775,5,7.8,-2.2,Zica-20180330-173188
1613386,32.8004,-118.9638,7,11.5,-2,Zica-20180330-173188
1614005,32.7986,-118.9593,5,2.7,-2.5,Zica-20180330-173188
1615464,32.7936,-118.9426,7,9.6,-1.8,Zica-20180330-173188
1616814,32.7874,-118.9257,7,10.6,-1.8,Zica-20180330-173188
1617995,32.7811,-118.9186,6,5.7,-1.9,Zica-20180330-173188
1618714,32.7731,-118.9208,5,6.8,-2.6,Zica-20180330-173188
1620732,32.7684,-118.9238,7,10.6,-2.1,Zica-20180330-173188
1622832,32.7668,-118.9114,4,0.7,-1.8,Zica-20180330-173188
1624883,32.7526,-118.9064,6,11.5,-2.5,Zica-20180330-173188
1627810,32.8022,-118.936,5,7.1,-2.6,Zica-20180330-173188
1637656,32.8078,-119.0138,4,0.8,-2.6,Zica-20180330-173188
1640957,32.8418,-119.0399,5,14.8,-2.1,Zica-20180330-173188
1642597,32.8646,-119.0546,4,1.5,-2.3,Zica-20180330-173188
1646699,32.9165,-119.0932,6,8.6,-2.1,Zica-20180330-173188
1647495,32.9256,-119.1034,4,0.2,-2.6,Zica-20180330-173188
1649514,32.9543,-119.1329,5,6.6,-2.5,Zica-20180330-173188
1650362,32.9615,-119.1472,6,9.4,-2.4,Zica-20180330-173188
1652342,32.9736,-119.1776,6,9.4,-2,Zica-20180330-173188
1654389,32.9905,-119.1891,5,1.2,-2.7,Zica-20180330-173188
1662238,33.0749,-119.19970000000001,8,10.5,-2.2,Zica-20180330-173188
1441,32.8425,-119.0056,7,21.8,1,Zica-20180331-173187
2429,32.8427,-118.9976,5,3.8,-0.5,Zica-20180331-173187
4121,32.8488,-118.9977,6,12.4,0.1,Zica-20180331-173187
6511,32.8595,-119.0062,5,6,-0.1,Zica-20180331-173187
8269,32.8695,-119.0178,5,7.2,0.4,Zica-20180331-173187
12576,32.8734,-119.0544,5,8.1,-0.5,Zica-20180331-173187
15182,32.8872,-119.0754,6,6.8,-0.2,Zica-20180331-173187
16592,32.8977,-119.0838,7,9.6,-0.4,Zica-20180331-173187
18165,32.9069,-119.0949,4,3.1,0.3,Zica-20180331-173187
19746,32.9138,-119.1088,6,7.6,-0.1,Zica-20180331-173187
21417,32.9229,-119.1237,6,1.8,-0.5,Zica-20180331-173187
25561,32.9382,-119.153,6,7.2,0.6,Zica-20180331-173187
26743,32.9489,-119.1562,4,0.7,1.3,Zica-20180331-173187
28278,32.9638,-119.1591,7,10.5,0.8,Zica-20180331-173187
29661,32.9765,-119.1691,4,0.1,0.6,Zica-20180331-173187
31038,32.9816,-119.1772,6,6.1,1,Zica-20180331-173187
37082,32.9722,-119.223,5,3.2,-0,Zica-20180331-173187
38249,32.9709,-119.2346,4,0.2,-0.3,Zica-20180331-173187
39488,32.9745,-119.2402,5,0.6,0,Zica-20180331-173187
40690,32.9782,-119.2462,5,2.2,-0.2,Zica-20180331-173187
41868,32.9831,-119.2505,4,0.1,0.3,Zica-20180331-173187
43128,32.9848,-119.2541,4,1.3,0.2,Zica-20180331-173187
43923,32.985,-119.2533,5,6.3,0.3,Zica-20180331-173187
48192,33.0089,-119.2518,7,12.7,0,Zica-20180331-173187
49231,33.0126,-119.2433,5,1,0.5,Zica-20180331-173187
50397,33.0157,-119.235,5,7.8,-0.2,Zica-20180331-173187
51518,33.0203,-119.2298,6,5,-0.5,Zica-20180331-173187
55726,33.0156,-119.2331,6,10.1,0.4,Zica-20180331-173187
56894,33.0173,-119.2375,6,9.3,1.4,Zica-20180331-173187
58571,33.0322,-119.238,5,3.2,1,Zica-20180331-173187
59546,33.0385,-119.2403,4,0.6,0.6,Zica-20180331-173187
60726,33.0416,-119.2432,5,7.6,-0.5,Zica-20180331-173187
64460,33.0572,-119.2703,4,0.4,0.2,Zica-20180331-173187
66079,33.0562,-119.2588,5,2.7,1.3,Zica-20180331-173187
67571,33.0512,-119.2525,4,0.2,-0.1,Zica-20180331-173187
69184,33.0501,-119.2382,7,7,0.4,Zica-20180331-173187
70019,33.0494,-119.242,6,15.4,1.5,Zica-20180331-173187
73984,33.0559,-119.2585,6,6.2,0.9,Zica-20180331-173187
75218,33.0567,-119.2691,5,2.6,-0.2,Zica-20180331-173187
77063,33.0633,-119.2667,5,8.7,-0.5,Zica-20180331-173187
78483,33.0689,-119.2643,6,8.1,-0,Zica-20180331-173187
79903,33.0745,-119.2683,8,12,-0.2,Zica-20180331-173187
81241,33.0779,-119.2772,7,11.4,0,Zica-20180331-173187
82483,33.081,-119.2852,6,7.7,0.5,Zica-20180331-173187
87422,33.0779,-119.3236,7,7,-0.4,Zica-20180331-173187
88552,33.0754,-119.3341,5,0.9,0.4,Zica-20180331-173187
90100,33.0705,-119.3459,7,8.4,1.4,Zica-20180331-173187
91310,33.0657,-119.3536,5,9.6,0.6,Zica-20180331-173187
92326,33.061,-119.3596,5,2.5,0.4,Zica-20180331-173187
96860,33.0356,-119.3567,6,9.3,1.2,Zica-20180331-173187
98559,33.0317,-119.3478,4,0.7,1.1,Zica-20180331-173187
99851,33.034,-119.3377,5,8.7,0.7,Zica-20180331-173187
101029,33.0333,-119.3366,5,1,0.1,Zica-20180331-173187
102409,33.0348,-119.3297,5,0.9,1.3,Zica-20180331-173187
107051,33.0404,-119.3374,5,16.3,0.8,Zica-20180331-173187
108220,33.0404,-119.3512,5,9.2,0.6,Zica-20180331-173187
110087,33.0421,-119.3708,8,15.2,-0.2,Zica-20180331-173187
111408,33.0436,-119.3869,4,0.3,0.1,Zica-20180331-173187
112609,33.0507,-119.4,4,0.4,1.4,Zica-20180331-173187
117026,33.0701,-119.3994,5,6.8,0.6,Zica-20180331-173187
118138,33.0627,-119.3862,7,6.7,-0.4,Zica-20180331-173187
119438,33.0597,-119.3734,6,12.6,0.3,Zica-20180331-173187
120662,33.0589,-119.3621,4,0.5,1,Zica-20180331-173187
121446,33.0577,-119.3552,4,0.7,0.8,Zica-20180331-173187
126651,33.0779,-119.3236,4,0.6,-0.3,Zica-20180331-173187
127842,33.081,-119.3206,4,1.4,0.3,Zica-20180331-173187
128873,33.0793,-119.3189,4,0.2,0.7,Zica-20180331-173187
132652,33.0858,-119.3071,4,0.4,0.3,Zica-20180331-173187
133797,33.084,-119.2988,5,7.8,1.5,Zica-20180331-173187
134893,33.0817,-119.2939,6,12.7,0.3,Zica-20180331-173187
135720,33.0818,-119.2907,4,0.6,0.9,Zica-20180331-173187
139387,33.0891,-119.3134,5,3.8,1.3,Zica-20180331-173187
140632,33.0896,-119.317,6,0.9,1.4,Zica-20180331-173187
141919,33.0877,-119.3099,4,0.2,0.6,Zica-20180331-173187
142857,33.0837,-119.308,6,6.7,0.5,Zica-20180331-173187
146786,33.0891,-119.3038,5,3.3,1.5,Zica-20180331-173187
147680,33.0906,-119.3054,6,7.8,1.3,Zica-20180331-173187
149103,33.0749,-119.2984,4,1.9,0.8,Zica-20180331-173187
150312,33.0687,-119.2954,5,4.5,0.3,Zica-20180331-173187
151584,33.0715,-119.2882,4,0.2,1.4,Zica-20180331-173187
152980,33.0708,-119.2909,4,1.4,0.4,Zica-20180331-173187
154138,33.0807,-119.2776,6,8.2,0.8,Zica-20180331-173187
158340,33.0888,-119.2703,6,5.4,0.9,Zica-20180331-173187
160936,33.0995,-119.2782,5,6.3,0.8,Zica-20180331-173187
161955,33.103,-119.2802,7,6.9,1.5,Zica-20180331-173187
166993,33.1327,-119.2892,6,16.7,0.4,Zica-20180331-173187
168121,33.1434,-119.2879,6,12.1,1.6,Zica-20180331-173187
169318,33.1515,-119.2859,5,6.7,0.4,Zica-20180331-173187
170642,33.1576,-119.2812,5,0.7,-0.6,Zica-20180331-173187
171884,33.1637,-119.2782,6,2.8,0.1,Zica-20180331-173187
173151,33.1704,-119.2733,5,9.7,1.2,Zica-20180331-173187
174615,33.1643,-119.2681,5,1.6,1.1,Zica-20180331-173187
176016,33.1619,-119.265,5,1.9,1.3,Zica-20180331-173187
177178,33.1572,-119.2621,6,12.1,1,Zica-20180331-173187
181320,33.1568,-119.2549,4,0.1,0.4,Zica-20180331-173187
182496,33.1725,-119.2518,4,0.4,0.5,Zica-20180331-173187
183750,33.1824,-119.2478,4,0.2,0.4,Zica-20180331-173187
184987,33.1807,-119.2487,5,4.7,0.5,Zica-20180331-173187
186241,33.1799,-119.2538,5,16,-0.1,Zica-20180331-173187
187517,33.1768,-119.2598,5,9.9,0.3,Zica-20180331-173187
189126,33.1749,-119.2735,4,0.4,-0.2,Zica-20180331-173187
190538,33.1693,-119.2846,5,0.6,-0.1,Zica-20180331-173187
195024,33.1674,-119.2998,5,16.9,0.8,Zica-20180331-173187
196003,33.1796,-119.2988,4,0.3,-0.1,Zica-20180331-173187
197424,33.1833,-119.2954,4,0.8,-0.3,Zica-20180331-173187
198641,33.1796,-119.2977,5,18.3,-0.2,Zica-20180331-173187
199902,33.1746,-119.2988,4,0.8,0.6,Zica-20180331-173187
200559,33.1706,-119.2963,4,0.8,1.5,Zica-20180331-173187
204410,33.1785,-119.3081,5,1.6,0,Zica-20180331-173187
205505,33.1858,-119.3054,4,0.9,1.1,Zica-20180331-173187
206581,33.185,-119.31,5,0.7,1.4,Zica-20180331-173187
211443,33.1619,-119.324,4,0.8,1,Zica-20180331-173187
212250,33.1577,-119.3305,5,0.6,0.8,Zica-20180331-173187
216007,33.168,-119.3577,5,1.6,0.7,Zica-20180331-173187
216724,33.1759,-119.3558,4,0.3,0.7,Zica-20180331-173187
217453,33.1805,-119.3517,5,12.6,0.8,Zica-20180331-173187
218057,33.1796,-119.3484,4,2,0.7,Zica-20180331-173187
218705,33.1759,-119.3367,5,4.4,1.5,Zica-20180331-173187
219667,33.1696,-119.3293,5,10.9,0.8,Zica-20180331-173187
223324,33.1549,-119.3191,5,2,0.8,Zica-20180331-173187
224197,33.163,-119.3178,7,10.3,1.1,Zica-20180331-173187
225429,33.1732,-119.3116,5,3.3,1.1,Zica-20180331-173187
226921,33.1843,-119.2967,4,0.7,1.4,Zica-20180331-173187
227529,33.1871,-119.2811,5,7.1,0.8,Zica-20180331-173187
230322,33.1856,-119.2525,5,1.8,1.5,Zica-20180331-173187
231545,33.1939,-119.2367,4,0.4,0.6,Zica-20180331-173187
232478,33.2058,-119.231,4,1,1,Zica-20180331-173187
233959,33.2207,-119.2183,4,0.3,1.2,Zica-20180331-173187
235921,33.2324,-119.201,4,1.8,0.9,Zica-20180331-173187
237019,33.2396,-119.1829,6,15.2,1,Zica-20180331-173187
240783,33.2632,-119.1554,4,0.9,0.8,Zica-20180331-173187
241866,33.2721,-119.157,5,5.3,0.9,Zica-20180331-173187
245515,33.2837,-119.1387,5,1.7,1.2,Zica-20180331-173187
247023,33.3008,-119.1465,4,0.7,1.4,Zica-20180331-173187
248146,33.3132,-119.1514,4,0.1,1.1,Zica-20180331-173187
249383,33.3234,-119.152,5,10.1,1.4,Zica-20180331-173187
252525,33.3423,-119.1379,4,0.8,1.5,Zica-20180331-173187
254001,33.3514,-119.1418,5,5.1,0.8,Zica-20180331-173187
255618,33.3516,-119.1397,5,0.7,1.1,Zica-20180331-173187
257233,33.3549,-119.1518,4,0.6,1.2,Zica-20180331-173187
258458,33.3589,-119.1655,4,0.2,1.4,Zica-20180331-173187
261893,33.3668,-119.1995,5,11.2,1.4,Zica-20180331-173187
263284,33.3825,-119.2143,4,1.1,1.6,Zica-20180331-173187
266847,33.3969,-119.2499,5,2.4,0.8,Zica-20180331-173187
268425,33.4167,-119.2688,4,0.7,1.3,Zica-20180331-173187
269836,33.4325,-119.2822,6,8.8,1.1,Zica-20180331-173187
273283,33.46,-119.3011,5,16.9,1.4,Zica-20180331-173187
273903,33.4686,-119.304,5,1.2,1.3,Zica-20180331-173187
275471,33.4816,-119.3145,5,6.9,1.1,Zica-20180331-173187
279245,33.4993,-119.3356,5,10,0.9,Zica-20180331-173187
280433,33.5144,-119.3365,5,0.9,1.3,Zica-20180331-173187
281789,33.5268,-119.342,5,6.7,1.2,Zica-20180331-173187
282511,33.5345,-119.3437,6,6.6,1.4,Zica-20180331-173187
286478,33.5651,-119.3609,4,1.1,1.6,Zica-20180331-173187
287326,33.5698,-119.3649,6,7.4,0.9,Zica-20180331-173187
288501,33.569,-119.3742,7,18.1,-0.2,Zica-20180331-173187
289689,33.578,-119.3856,5,1,-0.3,Zica-20180331-173187
291110,33.585,-119.3979,6,8.4,-0.2,Zica-20180331-173187
292504,33.5941,-119.4126,5,7.3,0.1,Zica-20180331-173187
294014,33.6059,-119.4244,4,1,-0.3,Zica-20180331-173187
298170,33.6204,-119.46,5,3.4,0.7,Zica-20180331-173187
299825,33.6323,-119.4863,4,0.3,-0.2,Zica-20180331-173187
300731,33.6407,-119.4931,4,0.1,-0,Zica-20180331-173187
305324,33.6707,-119.512,4,1.2,-0.2,Zica-20180331-173187
305945,33.6804,-119.5073,4,1.2,0.4,Zica-20180331-173187
307683,33.703,-119.5113,4,0.3,-0.2,Zica-20180331-173187
308343,33.7088,-119.5145,4,0.2,0.3,Zica-20180331-173187
312852,33.7132,-119.513,4,1.5,0.4,Zica-20180331-173187
313966,33.7091,-119.5164,5,6.7,0.6,Zica-20180331-173187
315569,33.7057,-119.5239,4,1.5,0.6,Zica-20180331-173187
316614,33.708,-119.5259,6,8.3,0.1,Zica-20180331-173187
322500,33.703,-119.5563,4,1.2,0.1,Zica-20180331-173187
323513,33.6978,-119.5648,5,4.8,0.6,Zica-20180331-173187
324540,33.6937,-119.5665,5,8.3,0.7,Zica-20180331-173187
326224,33.6928,-119.5695,4,0,-0.2,Zica-20180331-173187
327782,33.6904,-119.5782,4,0.9,-0.4,Zica-20180331-173187
333335,33.6975,-119.6103,4,0.3,-0.2,Zica-20180331-173187
334847,33.6937,-119.6168,6,5.6,0.4,Zica-20180331-173187
336856,33.6835,-119.6331,6,5.1,0.3,Zica-20180331-173187
338683,33.6816,-119.6483,5,7.4,0.5,Zica-20180331-173187
340328,33.6846,-119.6601,5,7.6,0.4,Zica-20180331-173187
341871,33.685,-119.6705,5,5.3,0,Zica-20180331-173187
343555,33.6834,-119.6815,5,8.9,0.7,Zica-20180331-173187
350251,33.6781,-119.7348,4,1.3,0.2,Zica-20180331-173187
351760,33.6805,-119.7455,4,0.4,0.3,Zica-20180331-173187
353581,33.6849,-119.7494,5,8,-0,Zica-20180331-173187
357910,33.6853,-119.7739,4,0.5,-0.1,Zica-20180331-173187
359581,33.6709,-119.7768,4,0.6,-0.1,Zica-20180331-173187
361150,33.6637,-119.7796,4,2.6,0.2,Zica-20180331-173187
363106,33.6656,-119.7644,4,0.4,0,Zica-20180331-173187
367444,33.6657,-119.7324,5,6,0.4,Zica-20180331-173187
368404,33.6613,-119.7289,4,0.2,0.7,Zica-20180331-173187
369873,33.6473,-119.7279,6,24.6,-0.2,Zica-20180331-173187
374044,33.6268,-119.7217,6,2.9,0.6,Zica-20180331-173187
375183,33.615,-119.7211,5,1.2,0.1,Zica-20180331-173187
376817,33.5971,-119.7123,5,6.8,0.2,Zica-20180331-173187
378601,33.5823,-119.6962,5,1.1,-0.3,Zica-20180331-173187
383893,33.5535,-119.6682,5,2.7,-0.2,Zica-20180331-173187
385197,33.5346,-119.6617,4,1.1,0.2,Zica-20180331-173187
386581,33.5136,-119.6553,5,9.4,0.5,Zica-20180331-173187
387303,33.4976,-119.6479,4,1,0.1,Zica-20180331-173187
388268,33.4853,-119.6414,4,0.5,0.3,Zica-20180331-173187
389791,33.4714,-119.6255,4,0.8,0.1,Zica-20180331-173187
392044,33.467,-119.5923,5,9.2,0.2,Zica-20180331-173187
393309,33.458,-119.5658,5,3,0.1,Zica-20180331-173187
397169,33.4607,-119.5329,7,14.9,0.1,Zica-20180331-173187
398400,33.4433,-119.5175,6,13.3,0.4,Zica-20180331-173187
399945,33.4275,-119.5084,6,21,1.1,Zica-20180331-173187
401572,33.4111,-119.4939,4,0.5,1.6,Zica-20180331-173187
405869,33.4028,-119.4593,5,3.1,1.1,Zica-20180331-173187
406991,33.3905,-119.4562,8,12.5,1.6,Zica-20180331-173187
408427,33.3862,-119.4554,5,3.1,1.3,Zica-20180331-173187
409117,33.3699,-119.4474,5,8.8,0.5,Zica-20180331-173187
410529,33.3616,-119.4346,5,7.1,0.1,Zica-20180331-173187
412807,33.3439,-119.4029,5,12.1,0.1,Zica-20180331-173187
417541,33.3407,-119.3574,7,15,0.5,Zica-20180331-173187
419166,33.3207,-119.3472,5,13.6,0.5,Zica-20180331-173187
420982,33.3066,-119.3306,6,8.9,1.5,Zica-20180331-173187
423229,33.29,-119.3062,5,2.4,0.3,Zica-20180331-173187
424868,33.2768,-119.29,8,10.6,0.2,Zica-20180331-173187
426946,33.2596,-119.2603,7,15.4,1.4,Zica-20180331-173187
429084,33.2406,-119.229,6,9.3,1,Zica-20180331-173187
431694,33.2319,-119.2004,5,13.5,1.5,Zica-20180331-173187
439018,33.1935,-119.1561,4,0.3,1.2,Zica-20180331-173187
442375,33.1625,-119.152,4,0.3,1,Zica-20180331-173187
448294,33.1413,-119.1699,5,13.7,1.1,Zica-20180331-173187
449563,33.1447,-119.1716,5,6.8,1,Zica-20180331-173187
454029,33.1471,-119.1886,4,0.4,1.7,Zica-20180331-173187
455160,33.1413,-119.1845,5,6.8,1,Zica-20180331-173187
456310,33.138,-119.183,5,7.1,1.4,Zica-20180331-173187
457516,33.1347,-119.1831,6,8.4,1.5,Zica-20180331-173187
461535,33.1181,-119.1691,4,2,1,Zica-20180331-173187
462808,33.1189,-119.1679,8,16.6,0.4,Zica-20180331-173187
464270,33.1197,-119.1708,5,5.2,0.5,Zica-20180331-173187
465800,33.117,-119.1812,4,0.6,0.2,Zica-20180331-173187
473645,33.0815,-119.17,5,3.8,0.5,Zica-20180331-173187
480123,33.0746,-119.129,4,0.6,0.6,Zica-20180331-173187
481741,33.0674,-119.1225,4,0.7,0.3,Zica-20180331-173187
482345,33.0591,-119.1132,4,0.5,-0,Zica-20180331-173187
483083,33.053,-119.1132,4,0.9,0,Zica-20180331-173187
1282,32.7111,-118.8626,6,8.1,-0.2,Zica-20190111-173186
2861,32.7084,-118.8586,7,5.5,-1.6,Zica-20190111-173186
7354,32.6976,-118.8544,6,5.8,-1.3,Zica-20190111-173186
8600,32.7036,-118.8478,6,6.9,-0.7,Zica-20190111-173186
9877,32.7074,-118.8405,5,10.7,-1.3,Zica-20190111-173186
11541,32.7205,-118.8391,6,5.1,-0.9,Zica-20190111-173186
12983,32.7265,-118.8367,6,9.4,-0.2,Zica-20190111-173186
14423,32.7336,-118.8374,5,2.5,-0.8,Zica-20190111-173186
15732,32.7383,-118.8377,5,0.4,-1.1,Zica-20190111-173186
20383,32.7337,-118.8192,5,16.7,-1.4,Zica-20190111-173186
21829,32.7228,-118.8155,6,9.3,-1.6,Zica-20190111-173186
23047,32.7144,-118.8073,6,9.2,-0.9,Zica-20190111-173186
24402,32.705,-118.8034,6,5.6,-1.1,Zica-20190111-173186
26049,32.6977,-118.8015,5,1.5,-0.9,Zica-20190111-173186
31816,32.7045,-118.7801,4,0.4,-0.8,Zica-20190111-173186
32435,32.7103,-118.7804,5,1.8,-1.7,Zica-20190111-173186
33231,32.7136,-118.782,7,10.1,-1.6,Zica-20190111-173186
34385,32.713,-118.7868,5,6.5,-1.4,Zica-20190111-173186
35530,32.7127,-118.791,5,12.4,-0.5,Zica-20190111-173186
36217,32.7137,-118.7953,7,14.3,-1.3,Zica-20190111-173186
40301,32.7148,-118.8082,5,5.2,-0.8,Zica-20190111-173186
41045,32.7129,-118.8156,4,1.2,-1.5,Zica-20190111-173186
41813,32.7108,-118.8163,5,4.8,-0.8,Zica-20190111-173186
42698,32.7067,-118.8201,4,1.1,-1.8,Zica-20190111-173186
43497,32.7019,-118.8221,6,2.3,-1.1,Zica-20190111-173186
44422,32.7026,-118.8302,5,5.4,-1.1,Zica-20190111-173186
48478,32.7164,-118.8516,4,0.7,0.1,Zica-20190111-173186
49370,32.726,-118.8516,4,0.1,-1.3,Zica-20190111-173186
50733,32.7325,-118.8433,5,1.1,-1.5,Zica-20190111-173186
52073,32.7393,-118.8363,4,0.6,-0.4,Zica-20190111-173186
53327,32.7433,-118.8333,4,0.2,-0.1,Zica-20190111-173186
54500,32.7448,-118.8341,5,5.5,-0.9,Zica-20190111-173186
55286,32.7437,-118.838,4,0.4,0.2,Zica-20190111-173186
59284,32.7369,-118.8592,5,0.6,-1.7,Zica-20190111-173186
60188,32.7309,-118.8637,7,16.1,-1.2,Zica-20190111-173186
61243,32.725,-118.8671,6,12.8,-1.6,Zica-20190111-173186
62523,32.7183,-118.8704,4,0.2,-1.6,Zica-20190111-173186
63898,32.7089,-118.8672,7,12.3,-1.5,Zica-20190111-173186
65270,32.7039,-118.8642,6,14.4,-1.5,Zica-20190111-173186
66511,32.6999,-118.8627,7,11.6,-1.6,Zica-20190111-173186
67093,32.7002,-118.8599,7,3.1,0,Zica-20190111-173186
71388,32.696,-118.8405,5,1.8,-0.1,Zica-20190111-173186
72829,32.6933,-118.846,6,8.2,-1.5,Zica-20190111-173186
74296,32.6905,-118.848,5,9.7,-1.3,Zica-20190111-173186
75531,32.6967,-118.8485,7,6.6,0.1,Zica-20190111-173186
76845,32.7009,-118.8451,6,19.7,0.3,Zica-20190111-173186
78442,32.7081,-118.8416,7,11.1,0.1,Zica-20190111-173186
79986,32.7136,-118.8369,7,4.2,0.1,Zica-20190111-173186
84897,32.7201,-118.8371,7,13.9,-0.5,Zica-20190111-173186
86158,32.7157,-118.8444,6,7.8,-0.3,Zica-20190111-173186
87549,32.7123,-118.8508,5,1.8,-1.2,Zica-20190111-173186
88984,32.7118,-118.8561,4,0.4,-0.8,Zica-20190111-173186
93872,32.7116,-118.8657,6,6.2,-1.3,Zica-20190111-173186
95133,32.7065,-118.861,7,3,-0.4,Zica-20190111-173186
96430,32.7094,-118.8553,6,3,-1.5,Zica-20190111-173186
97623,32.7149,-118.8493,4,0.7,-1.1,Zica-20190111-173186
98866,32.7126,-118.8535,5,7.3,-1.4,Zica-20190111-173186
103289,32.7006,-118.8614,6,10.3,0,Zica-20190111-173186
104459,32.6981,-118.8585,6,2.3,0.2,Zica-20190111-173186
105752,32.6997,-118.849,6,8.6,-1.5,Zica-20190111-173186
106986,32.7038,-118.8444,5,6.1,0.1,Zica-20190111-173186
108275,32.707,-118.8461,5,1.8,0,Zica-20190111-173186
109494,32.7109,-118.8487,6,8.1,-1.5,Zica-20190111-173186
110415,32.7146,-118.8507,4,0.4,-1.5,Zica-20190111-173186
113726,32.7265,-118.8565,9,16,0.1,Zica-20190111-173186
114785,32.7262,-118.8554,8,22.4,-0.9,Zica-20190111-173186
115983,32.7292,-118.8539,4,0.4,-0.5,Zica-20190111-173186
117261,32.7279,-118.8522,4,0.2,-0.5,Zica-20190111-173186
120995,32.732,-118.8345,6,3.4,-0.3,Zica-20190111-173186
122031,32.7312,-118.8324,5,14.7,-0.6,Zica-20190111-173186
123118,32.7321,-118.8321,4,1.1,0.1,Zica-20190111-173186
126715,32.728,-118.8462,5,5,-0.6,Zica-20190111-173186
127769,32.7299,-118.8494,5,8.2,-0.5,Zica-20190111-173186
129036,32.7323,-118.8574,4,0.1,0.4,Zica-20190111-173186
130243,32.7255,-118.8637,5,4.8,-0.3,Zica-20190111-173186
133615,32.7149,-118.8766,5,0.7,0.1,Zica-20190111-173186
134723,32.7117,-118.8784,6,2.7,0.1,Zica-20190111-173186
135926,32.7121,-118.8818,5,11.7,-0.7,Zica-20190111-173186
137065,32.7151,-118.8816,4,0.3,-0.5,Zica-20190111-173186
140717,32.7385,-118.8852,4,1.3,-0.2,Zica-20190111-173186
141727,32.7398,-118.8827,4,0.3,-0.1,Zica-20190111-173186
143062,32.7388,-118.8876,5,0.8,-0.7,Zica-20190111-173186
144380,32.7388,-118.889,4,0.3,0.1,Zica-20190111-173186
145253,32.7393,-118.8904,5,8,-0.5,Zica-20190111-173186
148616,32.7479,-118.8973,4,0.2,-0.1,Zica-20190111-173186
149935,32.7434,-118.9046,4,0.5,0.3,Zica-20190111-173186
152416,32.7432,-118.9124,6,8.2,-0.2,Zica-20190111-173186
155907,32.75,-118.9127,5,0.9,0,Zica-20190111-173186
157547,32.7506,-118.9047,5,2.5,-0.6,Zica-20190111-173186
158847,32.7507,-118.9004,4,0.2,0,Zica-20190111-173186
160311,32.7528,-118.8918,4,0.3,-0.4,Zica-20190111-173186
161569,32.7541,-118.8859,5,1.1,-0.5,Zica-20190111-173186
163178,32.754,-118.8764,5,2,-0.1,Zica-20190111-173186
164783,32.7549,-118.8699,9,5.3,-0.1,Zica-20190111-173186
166105,32.7563,-118.8658,7,10.3,0.2,Zica-20190111-173186
170385,32.7599,-118.8759,6,7.6,-1.4,Zica-20190111-173186
172135,32.7494,-118.8752,6,12.8,0.3,Zica-20190111-173186
173663,32.7437,-118.871,6,6.9,-1.5,Zica-20190111-173186
175200,32.7367,-118.8685,7,9.6,0.4,Zica-20190111-173186
176781,32.7309,-118.8686,5,19.3,-0,Zica-20190111-173186
178133,32.7277,-118.8673,6,7.6,0.3,Zica-20190111-173186
182445,32.709,-118.874,4,0.4,-0.1,Zica-20190111-173186
183991,32.7154,-118.8708,6,8.2,0.2,Zica-20190111-173186
185509,32.7188,-118.8647,4,0.7,-1.3,Zica-20190111-173186
188411,32.7202,-118.852,6,15.9,-0.7,Zica-20190111-173186
193738,32.7129,-118.8269,5,11.4,-0.8,Zica-20190111-173186
194950,32.7121,-118.8213,5,13.3,-0.6,Zica-20190111-173186
196227,32.7103,-118.8193,5,14.8,-0.9,Zica-20190111-173186
197758,32.7067,-118.8153,6,18.2,-0.8,Zica-20190111-173186
199113,32.7071,-118.8136,5,11.2,0.1,Zica-20190111-173186
204549,32.7,-118.8351,4,0.5,-1.5,Zica-20190111-173186
205587,32.697,-118.8282,6,9.9,-1.1,Zica-20190111-173186
206632,32.6983,-118.8205,5,1.3,0.1,Zica-20190111-173186
207366,32.7046,-118.8226,7,6,0.1,Zica-20190111-173186
207966,32.7079,-118.82470000000001,6,4.4,-0,Zica-20190111-173186
209003,32.7144,-118.8221,7,7.6,-0.7,Zica-20190111-173186
214294,32.7143,-118.8252,4,0.3,-1.4,Zica-20190111-173186
215824,32.7146,-118.834,5,0.2,-1.3,Zica-20190111-173186
217137,32.7114,-118.8379,5,4.3,-1.1,Zica-20190111-173186
217883,32.7115,-118.8398,4,1.4,-0.7,Zica-20190111-173186
218562,32.7112,-118.8431,5,6.6,-0.4,Zica-20190111-173186
219463,32.711,-118.8441,5,5.1,0.3,Zica-20190111-173186
220437,32.7125,-118.8436,5,18.1,-0.4,Zica-20190111-173186
221437,32.7142,-118.8429,5,0.4,-0.8,Zica-20190111-173186
225986,32.7264,-118.834,4,0.5,-0.8,Zica-20190111-173186
227348,32.7236,-118.8355,4,19.1,-1.6,Zica-20190111-173186
228115,32.714,-118.8396,6,3.8,-1.1,Zica-20190111-173186
228720,32.7114,-118.8413,5,10.7,-1,Zica-20190111-173186
229499,32.7109,-118.8406,6,7.5,-0.3,Zica-20190111-173186
230183,32.711,-118.8422,6,7.6,-1.1,Zica-20190111-173186
230828,32.7122,-118.8428,5,3.6,-0.4,Zica-20190111-173186
235343,32.7325,-118.8218,5,3.6,-1.3,Zica-20190111-173186
236533,32.7371,-118.8113,4,0.2,-1,Zica-20190111-173186
237288,32.74,-118.8107,4,0.2,-1.1,Zica-20190111-173186
238062,32.7427,-118.8074,6,5.2,-1.2,Zica-20190111-173186
238691,32.742,-118.8072,5,1.1,-0.3,Zica-20190111-173186
239466,32.7421,-118.8065,4,1.9,-0.7,Zica-20190111-173186
240979,32.7366,-118.8128,4,0.4,-1.3,Zica-20190111-173186
243644,32.7443,-118.8539,4,0.1,-1.4,Zica-20190111-173186
245385,32.7542,-118.8824,4,0.5,-1.2,Zica-20190111-173186
249841,32.7567,-118.8837,5,4.3,-1.1,Zica-20190111-173186
251216,32.752,-118.8788,6,6.8,-1.4,Zica-20190111-173186
252471,32.7508,-118.8743,6,8.5,-1.3,Zica-20190111-173186
253892,32.749,-118.8712,8,9.2,-1.2,Zica-20190111-173186
254740,32.7489,-118.8679,6,14,-1.4,Zica-20190111-173186
259532,32.7269,-118.8462,6,3.7,-1.2,Zica-20190111-173186
260810,32.726,-118.8444,7,3.6,-1.2,Zica-20190111-173186
262336,32.7247,-118.8485,7,6.4,-0.1,Zica-20190111-173186
263533,32.7224,-118.8464,8,11.7,-1.3,Zica-20190111-173186
264861,32.7242,-118.8426,6,10.4,0.2,Zica-20190111-173186
266058,32.7277,-118.8401,6,11.2,-1.2,Zica-20190111-173186
271098,32.7401,-118.8426,6,12.4,-0.1,Zica-20190111-173186
272394,32.7352,-118.8438,5,10,-1.2,Zica-20190111-173186
274786,32.7286,-118.8424,4,0.1,-0.9,Zica-20190111-173186
276202,32.7257,-118.8396,5,2.7,0.1,Zica-20190111-173186
277720,32.722,-118.8403,4,0.1,-0.6,Zica-20190111-173186
278950,32.7172,-118.8427,5,9.4,-0.1,Zica-20190111-173186
283560,32.6928,-118.8535,5,12,0.3,Zica-20190111-173186
284923,32.6864,-118.8568,6,5.5,-1.2,Zica-20190111-173186
286203,32.6811,-118.8573,6,8,0.1,Zica-20190111-173186
287337,32.6779,-118.8579,4,0.2,-0.1,Zica-20190111-173186
288663,32.6784,-118.8516,4,0.8,-0.2,Zica-20190111-173186
289860,32.6793,-118.8485,5,1.2,-1.3,Zica-20190111-173186
291096,32.6812,-118.8456,5,2.7,-1.4,Zica-20190111-173186
295231,32.6748,-118.8303,5,10.3,0.3,Zica-20190111-173186
296455,32.6775,-118.8272,5,6.5,-1.2,Zica-20190111-173186
297815,32.6829,-118.8265,4,1.1,-0.1,Zica-20190111-173186
299148,32.6884,-118.8375,4,0.8,0.2,Zica-20190111-173186
300202,32.695,-118.8393,5,11,0,Zica-20190111-173186
304430,32.6955,-118.8668,5,1.7,-0,Zica-20190111-173186
305580,32.6996,-118.8702,4,0.5,-0.4,Zica-20190111-173186
308156,32.7073,-118.8639,5,2,-1.6,Zica-20190111-173186
309329,32.7133,-118.8651,4,0.3,-0.3,Zica-20190111-173186
313293,32.7337,-118.8634,6,15,-1.3,Zica-20190111-173186
314405,32.736,-118.8584,5,5.4,-1.4,Zica-20190111-173186
315759,32.7361,-118.8527,5,4.1,0.3,Zica-20190111-173186
316983,32.7398,-118.8436,4,0.4,-1.4,Zica-20190111-173186
317990,32.7426,-118.8371,5,4.4,0.3,Zica-20190111-173186
322157,32.7257,-118.8307,6,12.1,0.2,Zica-20190111-173186
323525,32.7232,-118.8273,4,0.3,-1.3,Zica-20190111-173186
324710,32.7234,-118.8249,6,8.9,-1.6,Zica-20190111-173186
325926,32.721,-118.8253,7,11.7,-1.3,Zica-20190111-173186
326918,32.7222,-118.8281,4,0.2,-0.9,Zica-20190111-173186
327652,32.7187,-118.8243,5,4.8,-1.4,Zica-20190111-173186
328283,32.7165,-118.8238,5,0.8,-1.5,Zica-20190111-173186
328864,32.7149,-118.822,5,1.2,0.4,Zica-20190111-173186
333085,32.688,-118.8262,5,1.4,-1.5,Zica-20190111-173186
334217,32.6854,-118.8345,5,2.7,-0.1,Zica-20190111-173186
335501,32.6827,-118.8415,6,8,-0.9,Zica-20190111-173186
336999,32.6818,-118.8505,6,9.4,0.3,Zica-20190111-173186
338573,32.683,-118.8583,4,0.2,-1.4,Zica-20190111-173186
340120,32.6823,-118.8652,5,2.5,0.1,Zica-20190111-173186
344455,32.6803,-118.8775,7,6.6,0.4,Zica-20190111-173186
345525,32.6766,-118.8775,5,6.5,-0.5,Zica-20190111-173186
346394,32.6835,-118.8731,7,9.2,-0.7,Zica-20190111-173186
349906,32.6796,-118.8763,6,11.1,-1.1,Zica-20190111-173186
351064,32.6829,-118.8693,5,5.1,0.1,Zica-20190111-173186
352378,32.6873,-118.8631,5,6.9,-1.6,Zica-20190111-173186
353674,32.6912,-118.8578,5,6.7,-1.3,Zica-20190111-173186
357541,32.6919,-118.8359,4,0.4,-0.7,Zica-20190111-173186
358785,32.7033,-118.8344,4,0.8,-1.2,Zica-20190111-173186
361766,32.7184,-118.8299,4,0.2,-0.7,Zica-20190111-173186
363005,32.7278,-118.8263,4,0.1,-0.7,Zica-20190111-173186
364366,32.7325,-118.8414,4,0.6,-2,Zica-20190111-173186
368567,32.7323,-118.842,4,2.1,-1.5,Zica-20190111-173186
369900,32.7383,-118.8385,4,1.3,-1.3,Zica-20190111-173186
371128,32.7406,-118.8345,6,7.5,-1.4,Zica-20190111-173186
372317,32.7403,-118.8352,4,0.9,-0.9,Zica-20190111-173186
373540,32.7478,-118.8537,4,1.2,-1.9,Zica-20190111-173186
374456,32.7614,-118.8671,5,7.4,-0,Zica-20190111-173186
375070,32.7696,-118.8757,4,0.9,0,Zica-20190111-173186
379351,32.7547,-118.8961,5,6.4,-1.1,Zica-20190111-173186
380701,32.7497,-118.8952,6,1,-1.3,Zica-20190111-173186
381439,32.7373,-118.894,4,0.4,-1.6,Zica-20190111-173186
382732,32.7398,-118.8921,4,0.2,-1.4,Zica-20190111-173186
384041,32.7323,-118.8875,4,0.5,-0.4,Zica-20190111-173186
385327,32.7288,-118.8906,4,0.7,-0.6,Zica-20190111-173186
389359,32.7254,-118.8909,5,8.7,0.5,Zica-20190111-173186
390619,32.7222,-118.899,5,2.5,-1.3,Zica-20190111-173186
391934,32.7186,-118.904,5,4.4,-1.2,Zica-20190111-173186
393440,32.7137,-118.9066,4,0.1,-0.7,Zica-20190111-173186
394296,32.7108,-118.9026,5,4.3,0.3,Zica-20190111-173186
394862,32.7111,-118.8975,5,5.8,-0.1,Zica-20190111-173186
398792,32.706,-118.8843,4,1.2,-1,Zica-20190111-173186
400003,32.7094,-118.8919,5,14,-1.4,Zica-20190111-173186
401526,32.7199,-118.8934,6,15.3,0.2,Zica-20190111-173186
402996,32.7247,-118.8984,6,9,0.4,Zica-20190111-173186
404535,32.7287,-118.895,4,0.6,-1.3,Zica-20190111-173186
405623,32.731,-118.8925,6,11.1,0.3,Zica-20190111-173186
409233,32.7262,-118.8904,4,0.7,-0.8,Zica-20190111-173186
410360,32.7312,-118.8903,5,6.3,0.2,Zica-20190111-173186
411746,32.7375,-118.8874,5,1.8,0.3,Zica-20190111-173186
412746,32.7405,-118.8855,6,7.4,0.1,Zica-20190111-173186
414007,32.7393,-118.8862,5,4.5,0,Zica-20190111-173186
414780,32.7402,-118.8848,5,1.5,-1.2,Zica-20190111-173186
419270,32.7401,-118.8846,5,0.8,0.3,Zica-20190111-173186
420506,32.7447,-118.8901,5,6.8,0.3,Zica-20190111-173186
421712,32.7488,-118.8939,6,4,-1.2,Zica-20190111-173186
423094,32.7522,-118.8983,8,14.5,0,Zica-20190111-173186
424640,32.7519,-118.9026,6,9.5,0.5,Zica-20190111-173186
426282,32.7495,-118.9085,6,6.8,-1.3,Zica-20190111-173186
428084,32.7473,-118.9133,6,9.2,-1.4,Zica-20190111-173186
432262,32.7378,-118.9263,6,5.6,-1.3,Zica-20190111-173186
433359,32.7381,-118.9273,7,4.7,0.2,Zica-20190111-173186
434675,32.7349,-118.9287,7,13.6,-1.2,Zica-20190111-173186
436822,32.7274,-118.9277,7,14.4,-1.1,Zica-20190111-173186
437822,32.7217,-118.9266,6,15.5,0.2,Zica-20190111-173186
439131,32.7179,-118.9256,5,8.3,0.2,Zica-20190111-173186
440782,32.7127,-118.9255,4,1,-1.1,Zica-20190111-173186
446641,32.7264,-118.925,4,4.9,2.9,Zica-20190111-173186
447792,32.7178,-118.9416,5,5.7,-0,Zica-20190111-173186
449286,32.7223,-118.9494,5,0.8,0.2,Zica-20190111-173186
457152,32.7437,-118.9611,4,0.1,-0.5,Zica-20190111-173186
458518,32.7423,-118.9513,6,3.6,0.1,Zica-20190111-173186
459966,32.745,-118.947,4,0.1,0.1,Zica-20190111-173186
460560,32.7455,-118.9464,5,4.6,-1.2,Zica-20190111-173186
465471,32.7701,-118.9374,5,6.5,-1.3,Zica-20190111-173186
466763,32.7735,-118.9403,6,12.8,0.1,Zica-20190111-173186
468198,32.7745,-118.945,4,0.4,0.3,Zica-20190111-173186
469416,32.7768,-118.9543,4,0.6,0.1,Zica-20190111-173186
470870,32.771,-118.9566,4,0.9,0.2,Zica-20190111-173186
472327,32.769,-118.9582,4,0.7,0.2,Zica-20190111-173186
473734,32.7641,-118.9577,4,1,0.3,Zica-20190111-173186
474376,32.7647,-118.957,6,14.3,-1.5,Zica-20190111-173186
478927,32.7613,-118.938,4,0.4,-0.5,Zica-20190111-173186
480411,32.7713,-118.9373,4,0.3,-0.6,Zica-20190111-173186
481025,32.769,-118.9365,4,0.2,-0.7,Zica-20190111-173186
483026,32.7652,-118.9319,5,7.8,0.3,Zica-20190111-173186
484378,32.764,-118.927,4,0.6,-0.7,Zica-20190111-173186
485897,32.7597,-118.9226,5,17.6,0.1,Zica-20190111-173186
486823,32.7583,-118.9204,4,2,-0.9,Zica-20190111-173186
487616,32.7566,-118.9211,5,8.7,0.1,Zica-20190111-173186
492078,32.7349,-118.9053,5,6.3,0.4,Zica-20190111-173186
492899,32.7346,-118.9056,5,4.6,-1.3,Zica-20190111-173186
494030,32.7335,-118.9019,5,0.6,0.1,Zica-20190111-173186
494947,32.7327,-118.9002,4,0.4,-1.4,Zica-20190111-173186
499181,32.7254,-118.8817,6,8.7,0.2,Zica-20190111-173186
500515,32.7224,-118.8822,5,2.7,-1.5,Zica-20190111-173186
502094,32.7149,-118.8824,5,14.2,-1.3,Zica-20190111-173186
503989,32.7099,-118.8834,6,5.6,0.5,Zica-20190111-173186
505668,32.704,-118.8788,6,2.6,0.4,Zica-20190111-173186
507392,32.6953,-118.8747,8,13.3,-0.4,Zica-20190111-173186
509139,32.6869,-118.8722,8,9,-0.9,Zica-20190111-173186
514159,32.6763,-118.9043,6,2.6,-0.3,Zica-20190111-173186
515377,32.6768,-118.916,6,9.9,0.4,Zica-20190111-173186
516742,32.6811,-118.9208,6,3.4,0.2,Zica-20190111-173186
518290,32.6911,-118.923,6,12,-0.1,Zica-20190111-173186
520298,32.6978,-118.9274,5,0.8,-0,Zica-20190111-173186
524686,32.7043,-118.9226,5,13,-1.4,Zica-20190111-173186
525971,32.7002,-118.9147,4,0.7,-0.8,Zica-20190111-173186
527423,32.6962,-118.9091,4,0.4,-1.4,Zica-20190111-173186
528258,32.6968,-118.9041,6,2.7,-1.2,Zica-20190111-173186
532661,32.696,-118.8817,4,0.4,-1,Zica-20190111-173186
533929,32.6915,-118.8746,5,7.1,-1.2,Zica-20190111-173186
539108,32.6735,-118.8636,5,1.1,0.3,Zica-20190111-173186
540601,32.6752,-118.8561,5,4.7,-1.3,Zica-20190111-173186
544969,32.6681,-118.8451,6,11,0.2,Zica-20190111-173186
546290,32.6596,-118.8439,4,0.2,0.2,Zica-20190111-173186
547754,32.6518,-118.8426,4,0.5,0.4,Zica-20190111-173186
549366,32.6502,-118.8375,5,5.1,-1.2,Zica-20190111-173186
550864,32.6553,-118.8386,5,5.3,0.1,Zica-20190111-173186
552685,32.6649,-118.8347,4,0.8,0.6,Zica-20190111-173186
554659,32.674,-118.8366,4,0.7,0.5,Zica-20190111-173186
559245,32.6781,-118.8348,5,17.1,0.7,Zica-20190111-173186
560609,32.6711,-118.8414,4,7.4,0.3,Zica-20190111-173186
562204,32.6662,-118.848,6,7,0.4,Zica-20190111-173186
563886,32.6658,-118.8525,5,12,0.1,Zica-20190111-173186
565572,32.6685,-118.8586,4,0.2,-0.2,Zica-20190111-173186
566740,32.6732,-118.8627,5,3.2,-1.5,Zica-20190111-173186
572193,32.6857,-118.8832,4,1.5,-0.1,Zica-20190111-173186
573632,32.6921,-118.8858,4,0.8,-0.3,Zica-20190111-173186
575174,32.6954,-118.8864,4,1.5,-0.9,Zica-20190111-173186
579928,32.6999,-118.8974,4,0.2,-1.3,Zica-20190111-173186
581384,32.7008,-118.8929,5,6.6,0.1,Zica-20190111-173186
582620,32.704,-118.8886,5,3.2,0.3,Zica-20190111-173186
583911,32.7067,-118.8861,5,4.3,0.4,Zica-20190111-173186
585076,32.7101,-118.8832,4,0.8,-0.7,Zica-20190111-173186
586305,32.7128,-118.8823,6,7.9,-1.2,Zica-20190111-173186
590693,32.7052,-118.8913,5,0.3,0.5,Zica-20190111-173186
591765,32.7151,-118.888,6,6.4,-1.2,Zica-20190111-173186
593047,32.7254,-118.8856,8,10,0.2,Zica-20190111-173186
594545,32.7336,-118.8824,7,10.1,0.5,Zica-20190111-173186
596189,32.7406,-118.8782,6,1.4,-1.1,Zica-20190111-173186
597866,32.7456,-118.8702,6,13.2,0.2,Zica-20190111-173186
598988,32.748,-118.8663,8,8.7,0.5,Zica-20190111-173186
603621,32.7447,-118.862,5,5.9,-1.4,Zica-20190111-173186
604754,32.7445,-118.8668,5,5,0.5,Zica-20190111-173186
606023,32.7408,-118.8698,5,5.9,0.5,Zica-20190111-173186
607228,32.738,-118.8747,5,4.8,0.5,Zica-20190111-173186
608521,32.7356,-118.8805,5,2.4,-1.3,Zica-20190111-173186
609665,32.7324,-118.8815,6,5.4,-1.3,Zica-20190111-173186
614547,32.7038,-118.9032,4,0.5,-0.8,Zica-20190111-173186
615852,32.7206,-118.8646,4,6.2,2.8,Zica-20190111-173186
617131,32.6943,-118.9007,4,0.2,-0.9,Zica-20190111-173186
618480,32.6917,-118.9003,4,0.6,-1,Zica-20190111-173186
619980,32.6935,-118.89,4,0.3,-1.2,Zica-20190111-173186
621168,32.6955,-118.8844,5,7.7,-1.3,Zica-20190111-173186
625841,32.6927,-118.8549,7,10.3,0.1,Zica-20190111-173186
627032,32.6876,-118.8538,4,0.2,-1,Zica-20190111-173186
628084,32.6876,-118.8551,5,3,0.6,Zica-20190111-173186
629882,32.6774,-118.836,7,13.5,0.4,Zica-20190111-173186
631089,32.682,-118.8284,6,1.9,-1.4,Zica-20190111-173186
631691,32.6796,-118.8141,6,5,0.2,Zica-20190111-173186
635426,32.6879,-118.8184,5,1.5,-1.3,Zica-20190111-173186
636015,32.6852,-118.8241,6,7.3,0.5,Zica-20190111-173186
636605,32.6816,-118.8298,5,4,0.4,Zica-20190111-173186
637214,32.6783,-118.8346,4,0.4,-0.4,Zica-20190111-173186
638039,32.6751,-118.831,4,0.2,-1,Zica-20190111-173186
639300,32.6733,-118.8376,7,10.2,0.4,Zica-20190111-173186
640939,32.6786,-118.8556,4,0.6,-1.6,Zica-20190111-173186
641671,32.6659,-118.8531,5,7.5,0.5,Zica-20190111-173186
646086,32.6481,-118.8751,4,0.3,-0,Zica-20190111-173186
647623,32.6277,-118.8792,7,7.7,0.6,Zica-20190111-173186
648392,32.6156,-118.8755,6,10.5,-1.3,Zica-20190111-173186
650414,32.5972,-118.8704,6,1,-1.2,Zica-20190111-173186
651632,32.5878,-118.8673,5,3.5,-1.2,Zica-20190111-173186
656298,32.5621,-118.873,4,0.5,-0.5,Zica-20190111-173186
657726,32.5573,-118.8661,6,12.2,-1.3,Zica-20190111-173186
659387,32.5553,-118.856,4,1.4,-0.3,Zica-20190111-173186
661143,32.5491,-118.8498,5,16.5,0.1,Zica-20190111-173186
662605,32.547,-118.8466,4,0.3,-0.7,Zica-20190111-173186
667301,32.5437,-118.8571,6,11.1,-1.2,Zica-20190111-173186
668441,32.5507,-118.8519,4,0.5,-0.6,Zica-20190111-173186
669780,32.5564,-118.8408,7,11.4,0.5,Zica-20190111-173186
671182,32.5628,-118.8291,5,3.6,0.5,Zica-20190111-173186
672781,32.5654,-118.8167,4,0.3,-0.8,Zica-20190111-173186
674613,32.5792,-118.8053,4,0.2,-1.1,Zica-20190111-173186
678502,32.6006,-118.7894,6,2.7,0.5,Zica-20190111-173186
680003,32.6046,-118.7829,8,9.1,0.7,Zica-20190111-173186
681178,32.6059,-118.7778,5,6.7,0.1,Zica-20190111-173186
683049,32.6087,-118.769,6,3.3,-0.1,Zica-20190111-173186
685117,32.6097,-118.7605,7,11.8,-0.4,Zica-20190111-173186
687265,32.6137,-118.7495,5,4.1,-1.2,Zica-20190111-173186
689408,32.6167,-118.7413,6,3,-0.6,Zica-20190111-173186
691652,32.6233,-118.7425,6,6.1,-1.3,Zica-20190111-173186
696391,32.6477,-118.7479,6,8.2,-0.7,Zica-20190111-173186
698301,32.6517,-118.7612,5,7,-0.3,Zica-20190111-173186
700136,32.6582,-118.7727,4,0.1,0.1,Zica-20190111-173186
705417,32.6672,-118.7836,5,5.8,-1.1,Zica-20190111-173186
706563,32.6735,-118.7806,6,16.1,-0.7,Zica-20190111-173186
707943,32.6794,-118.7785,5,11.7,-1.3,Zica-20190111-173186
709262,32.6855,-118.7817,5,7.2,0.1,Zica-20190111-173186
710853,32.692,-118.7846,4,0.5,-0.9,Zica-20190111-173186
711983,32.6952,-118.7899,6,10.7,-1.2,Zica-20190111-173186
717847,32.7239,-118.7988,7,12.4,-0,Zica-20190111-173186
718803,32.7284,-118.7978,8,11.3,-1.2,Zica-20190111-173186
720326,32.7324,-118.7927,7,7.9,-0.7,Zica-20190111-173186
722087,32.7401,-118.7895,6,7,-1.2,Zica-20190111-173186
723382,32.7464,-118.7932,5,8.1,-1.2,Zica-20190111-173186
724924,32.7541,-118.7971,5,3.9,0.9,Zica-20190111-173186
726189,32.7586,-118.7986,6,3.7,-1.1,Zica-20190111-173186
730423,32.7843,-118.7864,5,8.2,-0.5,Zica-20190111-173186
731794,32.7919,-118.781,4,1.7,-0.4,Zica-20190111-173186
733032,32.7956,-118.7779,5,0.7,-0.4,Zica-20190111-173186
734362,32.7994,-118.7753,6,12.2,-0.5,Zica-20190111-173186
735860,32.8036,-118.7732,5,6.2,-1.1,Zica-20190111-173186
737620,32.8097,-118.7707,4,1.2,-0.4,Zica-20190111-173186
738241,32.8104,-118.7716,5,8.6,-1.1,Zica-20190111-173186
743093,32.8276,-118.7888,4,0.2,-0.9,Zica-20190111-173186
744474,32.8353,-118.7837,4,0.3,-0.9,Zica-20190111-173186
746525,32.8476,-118.774,4,3.6,-0.5,Zica-20190111-173186
747753,32.8526,-118.7696,5,4.5,-1.3,Zica-20190111-173186
748422,32.857,-118.7663,4,0.5,-0.9,Zica-20190111-173186
752251,32.8635,-118.7772,4,0.6,-0,Zica-20190111-173186
753367,32.8623,-118.7742,4,0.7,-1.1,Zica-20190111-173186
754633,32.8628,-118.7718,4,0.1,-0.7,Zica-20190111-173186
755746,32.8644,-118.77,7,8.2,-1.2,Zica-20190111-173186
756791,32.868,-118.7668,7,11.5,-0.6,Zica-20190111-173186
757815,32.8716,-118.765,6,2.5,-1.2,Zica-20190111-173186
758884,32.8749,-118.7651,6,1.1,-0.5,Zica-20190111-173186
759701,32.8789,-118.764,5,5,-0.8,Zica-20190111-173186
764102,32.9011,-118.7647,5,0.3,-0.6,Zica-20190111-173186
765030,32.9061,-118.7608,4,0.2,-1.1,Zica-20190111-173186
766182,32.9091,-118.7552,4,0.2,-0.7,Zica-20190111-173186
767784,32.9117,-118.7587,4,0.5,-1.1,Zica-20190111-173186
769160,32.9114,-118.764,4,0.9,-1.2,Zica-20190111-173186
771728,32.9166,-118.7701,5,7.4,-0.7,Zica-20190111-173186
775732,32.9135,-118.7812,6,2.3,-0.1,Zica-20190111-173186
776787,32.9091,-118.7766,5,8.7,-0.7,Zica-20190111-173186
777921,32.9057,-118.7723,5,8.6,-0.5,Zica-20190111-173186
779169,32.9041,-118.7677,5,7.6,0,Zica-20190111-173186
780631,32.9026,-118.7641,5,4,0.1,Zica-20190111-173186
782105,32.9026,-118.7619,4,0.2,-0.8,Zica-20190111-173186
