dive_start_sec,dive_end_sec,max_depth,tag_id,dive_dur_sec,next_start,prev_end,lat_initial,lon_initial,initial_loc_time,lat_final,lon_final,final_loc_time,lat_last_known,lon_last_known,start_UTC,solar_phase,distance_traveled_km,horiz_speed_km_h,bathy,bathy_slope,bathy_aspect,bathy_source,bathy_radius_km
1,3913,1502.0588113229203,Zica-20180113-173188,3912,4056,0,NA,NA,0,32.7222,-118.7865,3911,32.7222,-118.7865,2018-01-13 20:48:01,Day,NA,NA,NA,NA,NA,NEPAC,1
4056,5380,359.04582538742557,Zica-20180113-173188,1324,5498,3913,32.7222,-118.7865,3911,32.721,-118.7939,5378,32.7222,-118.7865,2018-01-13 21:55:36,Day,0.7063668204091315,1.7406380748323178,1490.507,9.1,3.7010394258907127,NEPAC,1
5498,6496,338.2107947701244,Zica-20180113-173188,998,6672,5380,32.721,-118.7939,5378,32.7249,-118.7965,6493,32.721,-118.7939,2018-01-13 22:19:38,Day,0.496457498232316,1.6095909023406478,1488.668,6.7,233.11046366071145,NEPAC,1
6672,10223,1502.3039877775936,Zica-20180113-173188,3551,10342,6496,32.7249,-118.7965,6493,32.7358,-118.7985,10221,32.7249,-118.7965,2018-01-13 22:39:12,Day,1.2232575375326102,1.1861791840612623,1486.331,6.85,7.977654863712189,NEPAC,1
10342,11493,360.2173655291621,Zica-20180113-173188,1151,11602,10223,32.7358,-118.7985,10221,32.7397,-118.7981,11491,32.7358,-118.7985,2018-01-13 23:40:22,Day,0.4341311318773087,1.235735465934229,1442.091,7.3,32.243093000597014,NEPAC,1
11602,12758,318.5048519909183,Zica-20180113-173188,1156,12863,11493,32.7397,-118.7981,11491,32.7422,-118.7989,12756,32.7397,-118.7981,2018-01-14 00:01:22,Day,0.28720969370892846,0.8207612986227482,1423.17,7.35,41.380754921701964,NEPAC,1
12863,13964,274.31427324113173,Zica-20180113-173188,1101,14059,12758,32.7422,-118.7989,12756,32.7433,-118.7989,13962,32.7422,-118.7989,2018-01-14 00:22:23,Day,0.12198987844336576,0.3656661779210342,1417.353,5.95,49.43188330897681,NEPAC,1
14059,15398,264.2088116302919,Zica-20180113-173188,1339,15483,13964,32.7433,-118.7989,13962,32.7459,-118.8021,15396,32.7433,-118.7989,2018-01-14 00:42:19,Dusk,0.41603508690456825,1.048791380167374,1414.104,5.35,52.72871197950582,NEPAC,1
15483,16428,250.92421213521908,Zica-20180113-173188,945,16622,15398,32.7459,-118.8021,15396,32.7456,-118.806,16425,32.7459,-118.8021,2018-01-14 01:06:03,Dusk,0.36702034278765827,1.2893863354493535,1417.927,4.15,59.265110897951104,NEPAC,1
16622,20142,1432.902868923639,Zica-20180113-173188,3520,20259,16428,32.7456,-118.806,16425,32.7375,-118.8217,20140,32.7456,-118.806,2018-01-14 01:25:02,Dusk,1.7239985941751903,1.6775921717209459,1426.031,4.6,76.08576022614807,NEPAC,1
20259,21014,358.24306172560836,Zica-20180113-173188,755,21121,20142,32.7375,-118.8217,20140,32.7364,-118.8198,21011,32.7375,-118.8217,2018-01-14 02:25:39,Night,0.21586146712959772,0.895911829705506,1490.834,6.4,11.874975247532632,NEPAC,1
21121,21599,99.74090798954019,Zica-20180113-173188,478,21784,21014,32.7364,-118.8198,21011,32.7348,-118.8184,21604,32.7364,-118.8198,2018-01-14 02:40:01,Night,0.22069069618969642,1.3453572794700717,1488.469,6.45,24.64422846422559,NEPAC,1
21784,24586,1510.0135310658563,Zica-20180113-173188,2802,24728,21599,32.7348,-118.8184,21604,32.739,-118.8214,24584,32.7348,-118.8184,2018-01-14 02:51:04,Night,0.5440747222246773,0.6600101076651707,1488.884,6.45,24.368677247778464,NEPAC,1
24728,25507,164.72064134218044,Zica-20180113-173188,779,25595,24586,32.739,-118.8214,24584,32.7421,-118.8192,25504,32.739,-118.8214,2018-01-14 03:40:08,Night,0.4008844297537306,1.5752143625649306,1485.648,6.55,10.58863607580048,NEPAC,1
25595,26650,217.53053615782744,Zica-20180113-173188,1055,26744,25507,32.7421,-118.8192,25504,32.7448,-118.8134,26647,32.7421,-118.8192,2018-01-14 03:54:35,Night,0.6206047867709975,1.9628051655093228,1467.449,6.3,4.58042134254373,NEPAC,1
26744,27490,181.903187194693,Zica-20180113-173188,746,27721,26650,32.7448,-118.8134,26647,32.7479,-118.812,27488,32.7448,-118.8134,2018-01-14 04:13:44,Night,0.36797675797438856,1.581731248605725,1442.727,5.4,49.891679196074904,NEPAC,1
27721,30085,1373.8479689797357,Zica-20180113-173188,2364,30228,27490,32.7479,-118.812,27488,NA,NA,NA,32.7479,-118.812,2018-01-14 04:30:01,Night,NA,NA,1431.252,3.55,69.16666216062254,NEPAC,1
30228,30461,63.37871757593503,Zica-20180113-173188,233,30461,30085,NA,NA,NA,NA,NA,NA,32.7479,-118.812,2018-01-14 05:11:48,Night,NA,NA,NA,NA,NA,NEPAC,1
30461,31696,520.5672332652634,Zica-20180113-173188,1235,31936,30461,NA,NA,NA,32.7526,-118.816,31694,32.7479,-118.812,2018-01-14 05:15:41,Night,NA,NA,NA,NA,NA,NEPAC,1
31936,34352,1480.8476034329042,Zica-20180113-173188,2416,34505,31696,32.7526,-118.816,31694,32.7597,-118.8195,34350,32.7526,-118.816,2018-01-14 05:40:16,Night,0.8529696986031269,1.1609508510731563,1428.73,2.25,53.377372393685846,NEPAC,1
34505,35454,165.2605346896695,Zica-20180113-173188,949,35565,34352,32.7597,-118.8195,34350,32.7611,-118.8119,35455,32.7597,-118.8195,2018-01-14 06:23:05,Night,0.7288859006136647,2.384545276668233,1429.43,1.55,180,NEPAC,1
35565,36655,153.98080884477056,Zica-20180113-173188,1090,36757,35454,32.7611,-118.8119,35455,32.7631,-118.8009,36652,32.7611,-118.8119,2018-01-14 06:40:45,Night,1.054329499743275,3.1841279378211693,1428.871,1.8,132.57645083274838,NEPAC,1
36757,37890,200.2120827861538,Zica-20180113-173188,1133,37995,36655,32.7631,-118.8009,36652,32.7629,-118.7916,37888,32.7631,-118.8009,2018-01-14 07:00:37,Night,0.8717132956603828,2.5495498089096147,1422.02,1.9,65.95930393406809,NEPAC,1
37995,39035,188.22862894239387,Zica-20180113-173188,1040,39139,37890,32.7629,-118.7916,37888,32.7626,-118.783,39032,32.7629,-118.7916,2018-01-14 07:21:15,Night,0.8065282426516092,2.5486010464908806,1404.947,3.45,51.58567729905383,NEPAC,1
39139,40278,178.64879744908518,Zica-20180113-173188,1139,40385,39035,32.7626,-118.783,39032,32.7621,-118.7763,40277,32.7626,-118.783,2018-01-14 07:40:19,Night,0.6302537502114909,1.8300139012164975,1378.302,4.2,46.42358517138729,NEPAC,1
40385,41377,168.22890305058655,Zica-20180113-173188,992,41591,40278,32.7621,-118.7763,40277,32.7612,-118.7722,41403,32.7621,-118.7763,2018-01-14 08:01:05,Night,0.3969386076857394,1.274363291992849,1354.33,5.4,46.424958275978724,NEPAC,1
41591,44350,1231.9466515843085,Zica-20180113-173188,2759,44482,41377,32.7612,-118.7722,41403,32.7608,-118.7624,44348,32.7612,-118.7722,2018-01-14 08:21:11,Night,0.919373553998997,1.1285349397984292,1336.311,6.65,45.025699623956825,NEPAC,1
44482,45421,143.52106286260806,Zica-20180113-173188,939,45534,44350,32.7608,-118.7624,44348,32.7504,-118.7611,45424,32.7608,-118.7624,2018-01-14 09:09:22,Night,1.1597771121125313,3.8964630671810414,1277.171,9.25,63.63718742683329,NEPAC,1
45534,46518,170.41543931744127,Zica-20180113-173188,984,46659,45421,32.7504,-118.7611,45424,32.7422,-118.764,46515,32.7504,-118.7611,2018-01-14 09:26:54,Night,0.9491257052507323,3.144903230505405,1290.016,8.35,87.26906001584837,NEPAC,1
46659,47470,106.25143850704814,Zica-20180113-173188,811,47572,46518,32.7422,-118.764,46515,32.7362,-118.7666,47468,32.7422,-118.764,2018-01-14 09:45:39,Night,0.708619027758432,2.687993478852814,1310.862,5.45,78.78684003888964,NEPAC,1
47572,48642,180.64260447640396,Zica-20180113-173188,1070,49489,47470,32.7362,-118.7666,47468,32.7251,-118.7758,49414,32.7362,-118.7666,2018-01-14 10:00:52,Night,1.5030015798151133,2.7920610025856294,1321.555,5.9,43.86525553505635,NEPAC,1
49489,50529,182.87013821727606,Zica-20180113-173188,1040,50612,48642,32.7251,-118.7758,49414,NA,NA,NA,32.7251,-118.7758,2018-01-14 10:32:49,Night,NA,NA,1425.855,12,38.13589925583892,NEPAC,1
50612,51651,165.20699628771442,Zica-20180113-173188,1039,51837,50529,NA,NA,NA,32.716,-118.7833,51649,32.7251,-118.7758,2018-01-14 10:51:32,Night,NA,NA,NA,NA,NA,NEPAC,1
51837,56135,1507.8901672664101,Zica-20180113-173188,4298,56248,51651,32.716,-118.7833,51649,32.7032,-118.7592,56132,32.716,-118.7833,2018-01-14 11:11:57,Night,2.668459417173364,2.1517913881511737,1491.749,9.35,73.45433281275791,NEPAC,1
56248,57311,237.3511978494043,Zica-20180113-173188,1063,57429,56135,32.7032,-118.7592,56132,32.702,-118.7545,57309,32.7032,-118.7592,2018-01-14 12:25:28,Night,0.4603526248189309,1.4139122673920435,1457.07,14.5,89.99482123498456,NEPAC,1
57429,58527,214.22087697369602,Zica-20180113-173188,1098,58649,57311,32.702,-118.7545,57309,32.7005,-118.753,58524,32.702,-118.7545,2018-01-14 12:45:09,Night,0.21784035045720965,0.6481422772862657,1439.406,16.25,87.27369911976041,NEPAC,1
58649,59661,188.8880267501871,Zica-20180113-173188,1012,59760,58527,32.7005,-118.753,58524,32.6982,-118.7542,59658,32.7005,-118.753,2018-01-14 13:05:29,Night,0.2787849012950185,0.8887190636521092,1439.715,16.4,84.3374863245823,NEPAC,1
59760,60803,178.49080307172954,Zica-20180113-173188,1043,60895,59661,32.6982,-118.7542,59658,32.6959,-118.757,60800,32.6982,-118.7542,2018-01-14 13:24:00,Night,0.36605623440697693,1.1587506894756756,1448.821,12.45,89.99527204041794,NEPAC,1
60895,62050,237.70177839955846,Zica-20180113-173188,1155,62960,60803,32.6959,-118.757,60800,32.6948,-118.7608,62708,32.6959,-118.757,2018-01-14 13:42:55,Night,0.37664016593552757,0.7136028301136961,1436.604,10.05,175.1911686330359,NEPAC,1
62960,64024,198.92206082753728,Zica-20180113-173188,1064,64119,62050,32.6948,-118.7608,62708,32.696,-118.766,64022,32.6948,-118.7608,2018-01-14 14:17:20,Dawn,0.5054531677776103,1.3905732127215078,1418.505,10.5,170.89309925841098,NEPAC,1
64119,65155,178.86971072487407,Zica-20180113-173188,1036,65218,64024,32.696,-118.766,64022,32.6991,-118.7684,65152,32.696,-118.766,2018-01-14 14:36:39,Dawn,0.41089785449380056,1.3145095079602558,1417.724,10.05,217.14360819381062,NEPAC,1
65218,66314,250.68340860599307,Zica-20180113-173188,1096,66498,65155,32.6991,-118.7684,65152,32.7029,-118.771,66312,32.6991,-118.7684,2018-01-14 14:54:58,Dawn,0.48685511293733774,1.5172252010935137,1440.168,9.5,218.64346297172702,NEPAC,1
66498,71157,1529.3761875377693,Zica-20180113-173188,4659,71258,66314,32.7029,-118.771,66312,32.6925,-118.7798,71154,32.7029,-118.771,2018-01-14 15:16:18,Dawn,1.41814727806163,1.0587778624933484,1458.115,9.2,213.59925559569507,NEPAC,1
71258,72735,390.4623062710246,Zica-20180113-173188,1477,72859,71157,32.6925,-118.7798,71154,32.6886,-118.7716,72732,32.6925,-118.7798,2018-01-14 16:35:38,Day,0.8822652886493788,2.021159073807037,1343.394,11.35,225.28869975185245,NEPAC,1
72859,74096,324.1844193308026,Zica-20180113-173188,1237,74171,72735,32.6886,-118.7716,72732,32.6911,-118.7663,74094,32.6886,-118.7716,2018-01-14 17:02:19,Day,0.5691244560031324,1.510561606792455,1336.929,10.65,223.8913068681759,NEPAC,1
74171,75150,239.94104916032495,Zica-20180113-173188,979,75257,74096,32.6911,-118.7663,74094,32.6897,-118.7643,75148,32.6911,-118.7663,2018-01-14 17:24:11,Day,0.24348028083573706,0.8350865419555876,1370.844,11.35,189.10992159163203,NEPAC,1
75257,76417,290.02799101300167,Zica-20180113-173188,1160,76525,75150,32.6897,-118.7643,75148,32.6831,-118.7602,76508,32.6897,-118.7643,2018-01-14 17:42:17,Day,0.82678400385776,2.197664833783678,1358.604,11.65,191.33304465068602,NEPAC,1
76525,79958,1150.3629336833303,Zica-20180113-173188,3433,80064,76417,32.6831,-118.7602,76508,32.6878,-118.7808,79956,32.6831,-118.7602,2018-01-14 18:03:25,Day,2.0010149042125813,2.0979318093760098,1296.005,11.4,197.7803997487215,NEPAC,1
80064,81214,306.1137802853985,Zica-20180113-173188,1150,81324,79958,32.6878,-118.7808,79956,32.693,-118.792,81213,32.6878,-118.7808,2018-01-14 19:02:24,Day,1.1982144307401237,3.4459388759948664,1304.289,9.4,222.67340718096358,NEPAC,1
81324,82280,222.25572897888395,Zica-20180113-173188,956,82366,81214,32.693,-118.792,81213,32.6987,-118.7982,82277,32.693,-118.792,2018-01-14 19:23:24,Day,0.8588338514310998,2.9179364407175052,1308.692,10.05,207.52066200380088,NEPAC,1
82366,83601,233.6162763369758,Zica-20180113-173188,1235,83828,82280,32.6987,-118.7982,82277,32.7002,-118.8014,83598,32.6987,-118.7982,2018-01-14 19:40:46,Day,0.3430859011932613,0.9388762549686902,1337.498,10.65,225.28510970069482,NEPAC,1
83828,87700,1073.6202643905758,Zica-20180113-173188,3872,87815,83601,32.7002,-118.8014,83598,32.7227,-118.8027,87698,32.7002,-118.8014,2018-01-14 20:05:08,Day,2.4982100361743074,2.2026900684805173,1341.24,9.45,225.0578893883571,NEPAC,1
87815,89182,434.4577586846348,Zica-20180113-173188,1367,89295,87700,32.7227,-118.8027,87698,32.7331,-118.8032,89179,32.7227,-118.8027,2018-01-14 21:11:35,Day,1.1543080514947242,2.8175716449381687,1477.511,6.75,180,NEPAC,1
89295,90360,241.3190907078593,Zica-20180113-173188,1065,90447,89182,32.7331,-118.8032,89179,32.7356,-118.8034,90358,32.7331,-118.8032,2018-01-14 21:36:15,Day,0.2778824076521026,0.8520313008162433,1468.096,7.65,61.611142291450676,NEPAC,1
90447,91782,335.18121987124607,Zica-20180113-173188,1335,91868,90360,32.7356,-118.8034,90358,32.7356,-118.8095,91779,32.7356,-118.8034,2018-01-14 21:55:27,Day,0.5717588302507383,1.4545448074288663,1458.76,7.65,61.611142291450676,NEPAC,1
91868,92924,528.2794991967057,Zica-20180113-173188,1056,93059,91782,32.7356,-118.8095,91779,32.734,-118.8149,92923,32.7356,-118.8095,2018-01-14 22:19:08,Day,0.5363528100751073,1.6948561262425812,1473.143,7.4,47.23677308112036,NEPAC,1
93059,97237,1516.679708714991,Zica-20180113-173188,4178,97401,92924,32.734,-118.8149,92923,32.7206,-118.8151,97235,32.734,-118.8149,2018-01-14 22:38:59,Day,1.4861731077244265,1.2459452190222176,1485.661,6.8,33.93845419698147,NEPAC,1
97401,98847,393.00460681992473,Zica-20180113-173188,1446,98997,97237,32.7206,-118.8151,97235,32.7106,-118.8152,98844,32.7206,-118.8151,2018-01-14 23:51:21,Day,1.109033712517619,2.4917071912686097,1438.682,7.65,220.07924311748675,NEPAC,1
98997,100523,368.2517411233328,Zica-20180113-173188,1526,100662,98847,32.7106,-118.8152,98844,32.706,-118.811,100521,32.7106,-118.8152,2018-01-15 00:17:57,Day,0.6444454878539627,1.3891892895599733,1372.022,9.2,223.88436046953467,NEPAC,1
100662,102031,267.6701820841568,Zica-20180113-173188,1369,102155,100523,32.706,-118.811,100521,32.7076,-118.8058,102029,32.706,-118.811,2018-01-15 00:45:42,Dusk,0.5188419804539351,1.243775702480753,1352.411,9,224.06241286175003,NEPAC,1
102155,102993,199.2535312059668,Zica-20180113-173188,838,103194,102031,32.7076,-118.8058,102029,32.7096,-118.8017,102990,32.7076,-118.8058,2018-01-15 01:10:35,Dusk,0.4438105032609724,1.6694848795925237,1379.91,8.3,215.57689771760081,NEPAC,1
103194,107092,1442.206430141962,Zica-20180113-173188,3898,107251,102993,32.7096,-118.8017,102990,32.7164,-118.7843,107089,32.7096,-118.8017,2018-01-15 01:27:54,Dusk,1.7972001341667636,1.5849910917328252,1407.656,9.45,223.88462795411883,NEPAC,1
107251,108220,202.08893299367577,Zica-20180113-173188,969,108351,107092,32.7164,-118.7843,107089,32.7217,-118.7823,108217,32.7164,-118.7843,2018-01-15 02:35:31,Night,0.6169483158064727,1.9771880865606373,1491.196,9.35,73.45433281275791,NEPAC,1
108351,109505,188.20140983257483,Zica-20180113-173188,1154,110617,108220,32.7217,-118.7823,108217,32.728,-118.7797,110412,32.7217,-118.7823,2018-01-15 02:53:51,Night,0.7399595855611351,1.2186578140334867,1486.093,10.2,22.81209564940383,NEPAC,1
110617,111441,194.1952838833621,Zica-20180113-173188,824,111471,109505,32.728,-118.7797,110412,32.7286,-118.7701,111442,32.728,-118.7797,2018-01-15 03:31:37,Night,0.9023472111081665,3.1669758914136135,1427.009,11.7,20.732233650522005,NEPAC,1
111471,111783,86.8132197467582,Zica-20180113-173188,312,111808,111441,32.7286,-118.7701,111442,32.731,-118.7692,112492,32.7286,-118.7701,2018-01-15 03:45:51,Night,0.2792093867473872,0.9612780315160044,1359.945,13.25,50.232150619531694,NEPAC,1
111808,112494,239.15219497009767,Zica-20180113-173188,686,112626,111783,32.7286,-118.7701,111442,32.731,-118.7692,112492,32.7286,-118.7701,2018-01-15 03:51:28,Night,0.2792093867473872,0.9612780315160044,1359.945,13.25,50.232150619531694,NEPAC,1
112626,115855,1111.5687411420688,Zica-20180113-173188,3229,116014,112494,32.731,-118.7692,112492,32.7335,-118.7678,115852,32.731,-118.7692,2018-01-15 04:05:06,Night,0.3067376797573397,0.3300168786674949,1344.682,12.6,65.96927696911376,NEPAC,1
116014,117093,351.3558520174597,Zica-20180113-173188,1079,117232,115855,32.7335,-118.7678,115852,32.7439,-118.7625,117091,32.7335,-118.7678,2018-01-15 05:01:34,Night,1.255787522402586,3.66398054357171,1330.7,9.2,72.76574681292493,NEPAC,1
117232,118368,238.1334933808379,Zica-20180113-173188,1136,118510,117093,32.7439,-118.7625,117091,32.751,-118.76,118366,32.7439,-118.7625,2018-01-15 05:21:52,Night,0.8215092814966055,2.3292204334197875,1303.195,6.1,73.43993674653683,NEPAC,1
118510,119476,163.73567573992847,Zica-20180113-173188,966,119584,118368,32.751,-118.76,118366,32.7527,-118.7597,119474,32.751,-118.76,2018-01-15 05:43:10,Night,0.19061479668594553,0.6219065794401561,1282.213,8.55,53.37660212408167,NEPAC,1
119584,120587,202.15227034827217,Zica-20180113-173188,1003,120783,119476,32.7527,-118.7597,119474,32.7509,-118.7562,120585,32.7527,-118.7597,2018-01-15 06:01:04,Night,0.3839681165445968,1.2493652036982155,1274.344,9.3,49.42628622267188,NEPAC,1
120783,123756,1197.2199318515814,Zica-20180113-173188,2973,123916,120587,32.7509,-118.7562,120585,32.7435,-118.7531,123754,32.7509,-118.7562,2018-01-15 06:21:03,Night,0.8705682940414036,0.9930906856925447,1254.742,9.7,54.49015878278897,NEPAC,1
123916,124977,204.78399081448418,Zica-20180113-173188,1061,125123,123756,32.7435,-118.7531,123754,32.7438,-118.7635,124975,32.7435,-118.7531,2018-01-15 07:13:16,Night,0.975281939442879,2.8875054963849363,1245.973,8.8,62.377030208615,NEPAC,1
125123,126239,204.42771805213474,Zica-20180113-173188,1116,126669,124977,32.7438,-118.7635,124975,32.7431,-118.7805,126365,32.7438,-118.7635,2018-01-15 07:33:23,Night,1.5951766180870879,4.148606816104189,1306.82,5.9,73.43993674653683,NEPAC,1
126669,129911,1439.914217420162,Zica-20180113-173188,3242,130076,126239,32.7431,-118.7805,126365,32.7332,-118.7932,129908,32.7431,-118.7805,2018-01-15 07:59:09,Night,1.6193620654402903,1.6522703546617696,1363.955,4.85,81.8753577489677,NEPAC,1
130076,131131,279.21011198832156,Zica-20180113-173188,1055,131276,129911,32.7332,-118.7932,129908,32.7272,-118.8037,131128,32.7332,-118.7932,2018-01-15 08:55:56,Night,1.1880537912682139,3.5203397175693385,1443.19,8.3,43.061541164862376,NEPAC,1
131276,132752,404.12143600834474,Zica-20180113-173188,1476,132896,131131,32.7272,-118.8037,131128,32.7311,-118.8153,132749,32.7272,-118.8037,2018-01-15 09:15:56,Night,1.1702178483167898,2.6097085266287445,1481.372,7.4,81.5423715973784,NEPAC,1
132896,133131,73.46388437802935,Zica-20180113-173188,235,133299,132752,32.7311,-118.8153,132749,NA,NA,NA,32.7311,-118.8153,2018-01-15 09:42:56,Night,NA,NA,1486.136,6.75,43.064840690299036,NEPAC,1
133299,136908,1534.3646958649626,Zica-20180113-173188,3609,137053,133131,32.7311,-118.8153,132749,32.7368,-118.8346,136906,32.7311,-118.8153,2018-01-15 09:49:39,Night,1.916302412736505,1.6664501376094456,1486.136,6.75,43.064840690299036,NEPAC,1
137053,138413,482.92549993111044,Zica-20180113-173188,1360,138560,136908,32.7368,-118.8346,136906,32.74,-118.8486,138414,32.7368,-118.8346,2018-01-15 10:52:13,Night,1.3593337143883009,3.258614971826066,1501.368,4.75,202.80974561257045,NEPAC,1
138560,140572,463.8190899612087,Zica-20180113-173188,2012,140690,138413,32.74,-118.8486,138414,32.7469,-118.8687,140574,32.74,-118.8486,2018-01-15 11:17:20,Night,2.033310014584127,3.4029702327414904,1508.434,5,186.8583745305745,NEPAC,1
140690,142656,505.44659789862953,Zica-20180113-173188,1966,142748,140572,32.7469,-118.8687,140574,32.7467,-118.8781,142658,32.7469,-118.8687,2018-01-15 11:52:50,Night,0.8812399416951476,1.5286383825470053,1503.678,4.05,4.580165303989531,NEPAC,1
142748,144764,626.0955786753558,Zica-20180113-173188,2016,144892,142656,32.7467,-118.8781,142658,32.7372,-118.89,144767,32.7467,-118.8781,2018-01-15 12:27:08,Night,1.534243195539155,2.6298194176738003,1502.02,5.25,263.22304569078574,NEPAC,1
144892,146095,311.13987230064913,Zica-20180113-173188,1203,146194,144764,32.7372,-118.89,144767,32.7336,-118.8926,146096,32.7372,-118.89,2018-01-15 13:02:52,Night,0.4677414641252902,1.2722990164130354,1413.042,12.5,232.21909322434732,NEPAC,1
146194,147375,270.9467322189111,Zica-20180113-173188,1181,147474,146095,32.7336,-118.8926,146096,32.731,-118.8929,147372,32.7336,-118.8926,2018-01-15 13:24:34,Night,0.28970720541475287,0.8207614009203226,1367.575,14.75,211.0030051766793,NEPAC,1
147474,148786,382.10220270236215,Zica-20180113-173188,1312,148880,147375,32.731,-118.8929,147372,32.7272,-118.8928,148788,32.731,-118.8929,2018-01-15 13:45:54,Night,0.42152290044418894,1.076133675922135,1330.136,15.1,217.1327925462713,NEPAC,1
148880,150360,356.65539140143727,Zica-20180113-173188,1480,150444,148786,32.7272,-118.8928,148788,32.7221,-118.8903,150361,32.7272,-118.8928,2018-01-15 14:09:20,Dawn,0.6122191708921996,1.4069753990942793,1289.052,13.1,225.04795396984034,NEPAC,1
150444,152108,317.52329590649765,Zica-20180113-173188,1664,152215,150360,32.7221,-118.8903,150361,32.714,-118.8877,152106,32.7221,-118.8903,2018-01-15 14:35:24,Dawn,0.9307685800641081,1.928211127181519,1252.979,13.1,225.04955968991672,NEPAC,1
152215,153963,378.7117606651431,Zica-20180113-173188,1748,154068,152108,32.714,-118.8877,152106,32.7039,-118.882,153960,32.714,-118.8877,2018-01-15 15:04:55,Dawn,1.2410463541209038,2.419839573973607,1198.069,9.2,224.06123375809588,NEPAC,1
154068,155687,404.98373967764377,Zica-20180113-173188,1619,155795,153963,32.7039,-118.882,153960,32.6972,-118.8733,155689,32.7039,-118.882,2018-01-15 15:35:48,Day,1.103439769311024,2.3070762094039052,1147.621,9.25,225.05544458471047,NEPAC,1
155795,157339,356.79626093254836,Zica-20180113-173188,1544,157444,155687,32.6972,-118.8733,155689,32.693,-118.8626,157336,32.6972,-118.8733,2018-01-15 16:04:35,Day,1.1062132578165116,2.4280272780854215,1115.353,9.3,223.8886360007656,NEPAC,1
157444,158161,233.43786283156328,Zica-20180113-173188,717,158277,157339,32.693,-118.8626,157336,32.6908,-118.8537,158163,32.693,-118.8626,2018-01-15 16:32:04,Day,0.8695417924923753,3.8009595887060903,1104.016,9.5,223.88997137988608,NEPAC,1
158277,162098,1143.6597283445897,Zica-20180113-173188,3821,162184,158161,32.6908,-118.8537,158163,32.6923,-118.8337,162095,32.6908,-118.8537,2018-01-15 16:45:57,Day,1.8829032577756541,1.7311025627820422,1114.533,9.5,225.2875154399893,NEPAC,1
162184,163616,391.23186407997355,Zica-20180113-173188,1432,163666,162098,32.6923,-118.8337,162095,32.6977,-118.8221,163614,32.6923,-118.8337,2018-01-15 17:51:04,Day,1.241722397540513,2.9551194648511876,1183.818,9.55,225.06056288988887,NEPAC,1
163666,164640,312.7172526678511,Zica-20180113-173188,974,164764,163616,32.6977,-118.8221,163614,32.6976,-118.813,164638,32.6977,-118.8221,2018-01-15 18:15:46,Day,0.8533850375553109,3.012682530041454,1259.318,9.35,225.05731610902905,NEPAC,1
164764,166269,357.7249634288303,Zica-20180113-173188,1505,166351,164640,32.6976,-118.813,164638,32.6996,-118.7965,166267,32.6976,-118.813,2018-01-15 18:34:04,Day,1.5630164979707664,3.4685725231211295,1285.137,10.05,226.45571147400503,NEPAC,1
166351,167671,308.13802590592474,Zica-20180113-173188,1320,167774,166269,32.6996,-118.7965,166267,32.7051,-118.7857,167669,32.6996,-118.7965,2018-01-15 19:00:31,Day,1.1821734295930277,3.0481861255198255,1349.38,10.1,224.26177460936904,NEPAC,1
167774,168971,262.78152764198944,Zica-20180113-173188,1197,169110,167671,32.7051,-118.7857,167669,32.7065,-118.7783,168969,32.7051,-118.7857,2018-01-15 19:24:14,Day,0.7109985890722557,1.9771229996124648,1423.874,9.75,225.53296731945287,NEPAC,1
169110,174359,1481.6178097217437,Zica-20180113-173188,5249,174466,168971,32.7065,-118.7783,168969,32.7289,-118.7755,174357,32.7065,-118.7783,2018-01-15 19:46:30,Day,2.497978184242219,1.6759820222783262,1461.149,9.4,231.61526831333532,NEPAC,1
174466,175952,392.20272104727496,Zica-20180113-173188,1486,176069,174359,32.7289,-118.7755,174357,32.7332,-118.7721,175950,32.7289,-118.7755,2018-01-15 21:15:46,Day,0.5735628142463147,1.3015879306342923,1395.227,12.2,40.069287922156775,NEPAC,1
176069,177325,332.195275041262,Zica-20180113-173188,1256,177414,175952,32.7332,-118.7721,175950,NA,NA,NA,32.7332,-118.7721,2018-01-15 21:42:29,Day,NA,NA,1349.538,10.2,69.1668346496312,NEPAC,1
177414,178609,331.73585342218513,Zica-20180113-173188,1195,178716,177325,NA,NA,NA,32.737,-118.7673,178607,32.7332,-118.7721,2018-01-15 22:04:54,Day,NA,NA,NA,NA,NA,NEPAC,1
178716,180215,335.45558787098423,Zica-20180113-173188,1499,180306,178609,32.737,-118.7673,178607,32.7364,-118.7671,180213,32.737,-118.7673,2018-01-15 22:26:36,Day,0.06913006044610469,0.15560720330801275,1322.393,6.1,43.8649878560401,NEPAC,1
180306,181507,288.8111094003711,Zica-20180113-173188,1201,181608,180215,32.7364,-118.7671,180213,32.7291,-118.7751,182087,32.7364,-118.7671,2018-01-15 22:53:06,Day,1.1034978313543915,2.128679114378935,1323.147,6.25,45.03374332528773,NEPAC,1
181608,182089,167.95527071583277,Zica-20180113-173188,481,182138,181507,NA,NA,NA,32.7291,-118.7751,182087,32.7364,-118.7671,2018-01-15 23:14:48,Day,NA,NA,NA,NA,NA,NEPAC,1
182138,186277,1271.4255471652727,Zica-20180113-173188,4139,186373,182089,32.7291,-118.7751,182087,32.7208,-118.7485,186276,32.7291,-118.7751,2018-01-15 23:23:38,Day,2.658006709578836,2.293791896664476,1389.274,11.8,47.24051259644352,NEPAC,1
186373,187570,290.3755394665489,Zica-20180113-173188,1197,187671,186277,32.7208,-118.7485,186276,32.715,-118.7423,187567,32.7208,-118.7485,2018-01-16 00:34:13,Day,0.8669346317741682,2.427551273325808,1250.232,7.05,45.26707738559912,NEPAC,1
187671,188852,273.2539525464669,Zica-20180113-173188,1181,188944,187570,32.715,-118.7423,187567,32.7095,-118.7425,188850,32.715,-118.7423,2018-01-16 00:55:51,Dusk,0.6102345769731546,1.71940607619482,1225.312,13,81.54478817438536,NEPAC,1
188944,189903,267.253235604258,Zica-20180113-173188,959,189983,188852,32.7095,-118.7425,188850,32.7054,-118.7417,189901,32.7095,-118.7425,2018-01-16 01:17:04,Dusk,0.4608324009877104,1.5850705324172911,1260.589,16.1,61.61547328311383,NEPAC,1
189983,191443,392.1311471241734,Zica-20180113-173188,1460,191535,189903,32.7054,-118.7417,189901,32.6966,-118.7408,191446,32.7054,-118.7417,2018-01-16 01:34:23,Dusk,0.9795544867526763,2.2919672942465534,1298.051,17.7,47.2479861731494,NEPAC,1
191535,192545,233.2220991906038,Zica-20180113-173188,1010,192644,191443,32.6966,-118.7408,191446,32.6937,-118.7428,192544,32.6966,-118.7408,2018-01-16 02:00:15,Dusk,0.37229681507562795,1.2257313173938025,1385.008,17.15,60.62136497353703,NEPAC,1
192644,193678,200.68510300484624,Zica-20180113-173188,1034,193877,192545,32.6937,-118.7428,192544,32.6914,-118.7457,193676,32.6937,-118.7428,2018-01-16 02:18:44,Night,0.3728492117256179,1.190680124017764,1399.892,15.8,67.24280825323342,NEPAC,1
193877,198542,1145.1398438454444,Zica-20180113-173188,4665,198667,193678,32.6914,-118.7457,193676,32.6772,-118.7413,198540,32.6914,-118.7457,2018-01-16 02:39:17,Night,1.6279320397578696,1.2099042606341897,1401.635,11.45,157.17649337143098,NEPAC,1
198667,199807,329.3079019720314,Zica-20180113-173188,1140,199903,198542,32.6772,-118.7413,198540,32.6761,-118.7482,199805,32.6772,-118.7413,2018-01-16 03:59:07,Night,0.6585658091357468,1.8819884585183595,1253.865,9.8,225.06537265003263,NEPAC,1
199903,200882,290.256830312907,Zica-20180113-173188,979,201026,199807,32.6761,-118.7482,199805,32.68,-118.7539,200880,32.6761,-118.7482,2018-01-16 04:19:43,Night,0.6876539882552741,2.3124364349235496,1236.047,8.75,195.67368573743587,NEPAC,1
201026,202394,393.95537947253735,Zica-20180113-173188,1368,202513,200882,32.68,-118.7539,200880,32.6871,-118.7561,202391,32.68,-118.7539,2018-01-16 04:38:26,Night,0.8139663660643568,1.9473781689759428,1267.94,10.1,196.4160056497629,NEPAC,1
202513,203537,248.73395618140847,Zica-20180113-173188,1024,203661,202394,32.6871,-118.7561,202391,32.6914,-118.7572,203535,32.6871,-118.7561,2018-01-16 05:03:13,Night,0.48789558653851306,1.5417329941754587,1347.745,12.6,215.8107057160789,NEPAC,1
203661,204519,230.56500007096236,Zica-20180113-173188,858,204951,203537,32.6914,-118.7572,203535,32.6948,-118.757,204516,32.6914,-118.7572,2018-01-16 05:22:21,Night,0.3775227922187089,1.391177261845701,1394.598,11.7,215.04679715318323,NEPAC,1
204951,205401,156.18867430217742,Zica-20180113-173188,450,205511,204519,32.6948,-118.757,204516,32.6973,-118.7574,205399,32.6948,-118.757,2018-01-16 05:43:51,Night,0.27977344878308075,1.1453918656294868,1425.928,10.5,170.89309925841098,NEPAC,1
205511,209183,1504.2879978434196,Zica-20180113-173188,3672,209305,205401,32.6973,-118.7574,205399,32.7097,-118.7628,209181,32.6973,-118.7574,2018-01-16 05:53:11,Night,1.4654030531077604,1.40069593785948,1443.498,9.65,175.1912132853397,NEPAC,1
209305,210461,448.7163976776266,Zica-20180113-173188,1156,210605,209183,32.7097,-118.7628,209181,32.7127,-118.7634,210458,32.7097,-118.7628,2018-01-16 06:56:25,Night,0.3374202929674513,0.9551874385883605,1438.514,14.5,75.94900394952526,NEPAC,1
210605,211844,408.29849232069995,Zica-20180113-173188,1239,211956,210461,32.7127,-118.7634,210458,32.7128,-118.7674,211842,32.7127,-118.7634,2018-01-16 07:18:05,Night,0.3751833979778014,0.9799768668278556,1417.293,14.15,75.20253617192884,NEPAC,1
211956,213030,313.41094696511584,Zica-20180113-173188,1074,213149,211844,32.7128,-118.7674,211842,32.7135,-118.7701,213128,32.7128,-118.7674,2018-01-16 07:40:36,Night,0.2647729057732802,0.7442877561200684,1448.951,13.35,101.19856694364489,NEPAC,1
213149,214389,327.1096499783309,Zica-20180113-173188,1240,214509,213030,32.7135,-118.7701,213128,NA,NA,NA,32.7135,-118.7701,2018-01-16 08:00:29,Night,NA,NA,1463.44,12.4,96.45490947692366,NEPAC,1
214509,215782,359.6837909246202,Zica-20180113-173188,1273,215911,214389,NA,NA,NA,32.7159,-118.7781,215780,32.7135,-118.7701,2018-01-16 08:23:09,Night,NA,NA,NA,NA,NA,NEPAC,1
215911,216657,201.61228834915954,Zica-20180113-173188,746,216694,215782,32.7159,-118.7781,215780,32.7124,-118.7725,216654,32.7159,-118.7781,2018-01-16 08:46:31,Night,0.6529193986063672,2.700576231077823,1486.081,10.55,61.614666202446244,NEPAC,1
216694,216980,53.490137878552595,Zica-20180113-173188,286,217012,216657,32.7124,-118.7725,216654,32.7147,-118.7705,217730,32.7124,-118.7725,2018-01-16 08:59:34,Night,0.31657422434727966,1.0635834767801264,1477.368,11.6,89.99594599476586,NEPAC,1
217012,217732,110.66029968025974,Zica-20180113-173188,720,217804,216980,32.7124,-118.7725,216654,32.7147,-118.7705,217730,32.7124,-118.7725,2018-01-16 09:04:52,Night,0.31657422434727966,1.0635834767801264,1477.368,11.6,89.99594599476586,NEPAC,1
217804,221300,1400.486162337582,Zica-20180113-173188,3496,221408,217732,32.7147,-118.7705,217730,32.7225,-118.7969,221297,32.7147,-118.7705,2018-01-16 09:18:04,Night,2.621776747851933,2.6570571750728167,1457.698,12.4,96.45490947692366,NEPAC,1
221408,223542,672.4286013647456,Zica-20180113-173188,2134,223789,221300,32.7225,-118.7969,221297,32.7206,-118.8101,223540,32.7225,-118.7969,2018-01-16 10:18:08,Night,1.2552540543170185,2.023068839213563,1486.313,6.15,10.584377538226477,NEPAC,1
223789,225129,436.9021647791799,Zica-20180113-173188,1340,225243,223542,32.7206,-118.8101,223540,32.7186,-118.8096,225127,32.7206,-118.8101,2018-01-16 10:57:49,Night,0.2266978956142677,0.5163912367016873,1450.885,8.45,228.29013596034855,NEPAC,1
225243,226026,170.14466748745485,Zica-20180113-173188,783,226123,225129,32.7186,-118.8096,225127,32.7191,-118.8099,226024,32.7186,-118.8096,2018-01-16 11:22:03,Night,0.06217445563086385,0.2505692944320767,1442.885,9.2,225.27869099685174,NEPAC,1
226123,227193,245.26617546401226,Zica-20180113-173188,1070,227286,226026,32.7191,-118.8099,226024,32.7224,-118.8082,227191,32.7191,-118.8099,2018-01-16 11:36:43,Night,0.399163280431017,1.2364826553197312,1444.331,8.85,226.7463003337097,NEPAC,1
227286,228331,220.98145384834922,Zica-20180113-173188,1045,228417,227193,32.7224,-118.8082,227191,32.7242,-118.8089,228328,32.7224,-118.8082,2018-01-16 11:56:06,Night,0.2101282725811991,0.6680859326130473,1466.335,7.4,230.98256569765178,NEPAC,1
228417,229553,205.28436937340211,Zica-20180113-173188,1136,229901,228331,32.7242,-118.8089,228328,32.7282,-118.8105,229551,32.7242,-118.8089,2018-01-16 12:14:57,Night,0.46826820125661534,1.3841288205581883,1474.134,8.25,194.16585500668575,NEPAC,1
229901,230102,65.86421313821916,Zica-20180113-173188,201,230130,229553,32.7282,-118.8105,229551,32.7268,-118.8157,230818,32.7282,-118.8105,2018-01-16 12:39:41,Night,0.5115742177612304,1.4596217815365808,1483.846,6.65,70.72313589620745,NEPAC,1
230130,230820,229.82637076807464,Zica-20180113-173188,690,230940,230102,32.7282,-118.8105,229551,32.7268,-118.8157,230818,32.7282,-118.8105,2018-01-16 12:43:30,Night,0.5115742177612304,1.4596217815365808,1483.846,6.65,70.72313589620745,NEPAC,1
230940,235048,1575.3566938130273,Zica-20180113-173188,4108,235131,230820,32.7268,-118.8157,230818,32.7227,-118.7811,235046,32.7268,-118.8157,2018-01-16 12:57:00,Night,3.2751991402064307,2.8003417435776363,1477.905,8.15,214.715650307996,NEPAC,1
235131,236218,244.2090952330069,Zica-20180113-173188,1087,236293,235048,32.7227,-118.7811,235046,32.7267,-118.7715,236215,32.7227,-118.7811,2018-01-16 14:06:51,Dawn,1.0033182289707852,3.1026479022492626,1472.745,10.7,25.673390980792476,NEPAC,1
236293,237251,234.1094991543666,Zica-20180113-173188,958,237347,236218,32.7267,-118.7715,236215,32.7294,-118.7643,237249,32.7267,-118.7715,2018-01-16 14:26:13,Dawn,0.7383592793608109,2.5814011555989667,1382.741,13.05,48.78010907469144,NEPAC,1
237347,238529,264.18109507113513,Zica-20180113-173188,1182,238623,237251,32.7294,-118.7643,237249,32.7339,-118.7573,238526,32.7294,-118.7643,2018-01-16 14:43:47,Dawn,0.8243643670523945,2.3336548057121425,1322.773,9,46.73355278841501,NEPAC,1
238623,239888,267.16876478785866,Zica-20180113-173188,1265,240008,238529,32.7339,-118.7573,238526,32.7368,-118.7521,239945,32.7339,-118.7573,2018-01-16 15:05:03,Dawn,0.5839465500435885,1.4876439594133704,1285.162,7.3,43.86605884266004,NEPAC,1
240008,241206,249.50453847339062,Zica-20180113-173188,1198,241357,239888,32.7368,-118.7521,239945,32.7401,-118.7512,241203,32.7368,-118.7521,2018-01-16 15:28:08,Dawn,0.375565421152066,1.0792281378892834,1251.615,8.15,89.99436570390856,NEPAC,1
241357,245414,1188.5925061856553,Zica-20180113-173188,4057,245517,241206,32.7401,-118.7512,241203,NA,NA,NA,32.7401,-118.7512,2018-01-16 15:50:37,Day,NA,NA,1240.537,8.65,76.62083627754612,NEPAC,1
245517,246624,313.05055847137487,Zica-20180113-173188,1107,246736,245414,NA,NA,NA,32.7285,-118.7511,246622,32.7401,-118.7512,2018-01-16 16:59:57,Day,NA,NA,NA,NA,NA,NEPAC,1
246736,247950,287.4817044830921,Zica-20180113-173188,1214,248058,246624,32.7285,-118.7511,246622,32.7222,-118.7532,247948,32.7285,-118.7511,2018-01-16 17:20:16,Day,0.7258711806651817,1.9789022006822263,1259.247,8.1,58.274536344359035,NEPAC,1
248058,249276,231.39768013216525,Zica-20180113-173188,1218,249373,247950,32.7222,-118.7532,247948,32.7175,-118.7555,249273,32.7222,-118.7532,2018-01-16 17:42:18,Day,0.5640654064133425,1.5389407125918741,1274.78,8.7,43.86980671219533,NEPAC,1
249373,250471,222.75273156624783,Zica-20180113-173188,1098,250711,249276,32.7175,-118.7555,249273,32.7123,-118.7558,250468,32.7175,-118.7555,2018-01-16 18:04:13,Day,0.5773623303673496,1.7465814429104343,1303.866,16.1,87.27367362693872,NEPAC,1
250711,255049,1426.0414534510928,Zica-20180113-173188,4338,255151,250471,32.7123,-118.7558,250468,32.7151,-118.7671,255047,32.7123,-118.7558,2018-01-16 18:26:31,Day,1.103988070678471,0.8715695294830035,1356.26,15.75,84.33732845808288,NEPAC,1
255151,256448,340.6205768810242,Zica-20180113-173188,1297,256562,255049,32.7151,-118.7671,255047,32.721,-118.761,256446,32.7151,-118.7671,2018-01-16 19:40:31,Day,0.8689957536241228,2.245475088885778,1430.819,13.6,100.76103652202772,NEPAC,1
256562,257805,226.8369615015485,Zica-20180113-173188,1243,257913,256448,32.721,-118.761,256446,32.7124,-118.7569,257803,32.721,-118.761,2018-01-16 20:04:02,Day,1.028278685431087,2.739298045566234,1328.615,14.45,83.536051007624,NEPAC,1
257913,259064,216.37472834965263,Zica-20180113-173188,1151,259173,257805,32.7124,-118.7569,257803,32.7227,-118.7517,259062,32.7124,-118.7569,2018-01-16 20:26:33,Day,1.241943277436057,3.56602458135929,1363.084,15.6,84.09308204527485,NEPAC,1
259173,260092,181.29324897610593,Zica-20180113-173188,919,260170,259064,32.7227,-118.7517,259062,32.7192,-118.7498,260090,32.7227,-118.7517,2018-01-16 20:47:33,Day,0.4270656566445956,1.5017921680644097,1265.162,8.95,43.86953885572001,NEPAC,1
260170,261073,201.41519476409442,Zica-20180113-173188,903,261179,260092,32.7192,-118.7498,260090,32.7256,-118.7466,261070,32.7192,-118.7498,2018-01-16 21:04:10,Day,0.7705484643533531,2.842380304732012,1260.808,9.75,89.994596005794,NEPAC,1
261179,264399,1102.6897218743122,Zica-20180113-173188,3220,264496,261073,32.7256,-118.7466,261070,32.7436,-118.7485,264396,32.7256,-118.7466,2018-01-16 21:20:59,Day,2.004123862473717,2.1782645107764544,1238.187,6.95,56.82138556135675,NEPAC,1
264496,265640,322.1827308970417,Zica-20180113-173188,1144,265782,264399,32.7436,-118.7485,264396,32.7478,-118.7392,265657,32.7436,-118.7485,2018-01-16 22:16:16,Day,0.988249246396802,2.8330856667124817,1211.462,9.25,61.405624011590476,NEPAC,1
265782,266802,228.66808681162942,Zica-20180113-173188,1020,266874,265640,32.7478,-118.7392,265657,32.7466,-118.7344,266800,32.7478,-118.7392,2018-01-16 22:37:42,Day,0.4691221248265907,1.4837064577848866,1126.195,9.1,41.37964534690548,NEPAC,1
266874,267696,199.23215101712532,Zica-20180113-173188,822,267857,266802,32.7466,-118.7344,266800,32.7375,-118.731,267693,32.7466,-118.7344,2018-01-16 22:55:54,Day,1.0583042358838017,4.284176721970821,1098.211,9.15,60.28143648940028,NEPAC,1
267857,269093,220.22044557700724,Zica-20180113-173188,1236,269226,267696,32.7375,-118.731,267693,32.7365,-118.7269,269090,32.7375,-118.731,2018-01-16 23:12:17,Day,0.3999728326885323,1.0350048605361806,1119.126,10.45,34.70952236136674,NEPAC,1
269226,269760,157.3076373623441,Zica-20180113-173188,534,269946,269093,32.7365,-118.7269,269090,32.7306,-118.7243,269820,32.7365,-118.7269,2018-01-16 23:35:06,Day,0.6982206741208468,3.4576270369135083,1103.502,10.35,36.351583586663025,NEPAC,1
269946,273699,1094.9111083882226,Zica-20180113-173188,3753,273778,269760,32.7306,-118.7243,269820,32.7273,-118.725,273696,32.7306,-118.7243,2018-01-16 23:47:06,Day,0.37180467167264053,0.3467682889826098,1134.156,10,64.0607373347371,NEPAC,1
273778,274774,258.4947927276017,Zica-20180113-173188,996,274900,273699,32.7273,-118.725,273696,32.7303,-118.7195,274771,32.7273,-118.725,2018-01-17 00:50:58,Dusk,0.6135878664917949,2.063367569644501,1155.602,9.4,74.8787293690823,NEPAC,1
274900,275936,222.2056880212502,Zica-20180113-173188,1036,276007,274774,32.7303,-118.7195,274771,32.7248,-118.7144,275934,32.7303,-118.7195,2018-01-17 01:09:40,Dusk,0.7749762468565915,2.4088900536428013,1118.713,9.35,345.12508238727673,NEPAC,1
276007,276980,179.46271410064622,Zica-20180113-173188,973,277097,275936,32.7248,-118.7144,275934,32.7179,-118.7145,276977,32.7248,-118.7144,2018-01-17 01:28:07,Dusk,0.7652640437304364,2.6523772944252424,1141.089,8.45,337.1886699931193,NEPAC,1
277097,278430,395.84747597925406,Zica-20180113-173188,1333,278704,276980,32.7179,-118.7145,276977,32.7129,-118.7067,278427,32.7179,-118.7145,2018-01-17 01:46:17,Dusk,0.9177240259218649,2.287980933591408,1166.949,6.45,55.80561565335029,NEPAC,1
278704,279816,373.52366211930473,Zica-20180113-173188,1112,279905,278430,32.7129,-118.7067,278427,32.7058,-118.7023,279813,32.7129,-118.7067,2018-01-17 02:13:04,Night,0.8889105589411797,2.3184788387967994,1164.647,4.8,89.99774776296306,NEPAC,1
279905,280643,276.9720683375268,Zica-20180113-173188,738,280745,279816,32.7058,-118.7023,279813,32.7097,-118.7083,280641,32.7058,-118.7023,2018-01-17 02:33:05,Night,0.7096032899253157,3.0980868273913242,1134.208,7.3,168.11843233971672,NEPAC,1
280745,284283,1205.1264804381951,Zica-20180113-173188,3538,284484,280643,32.7097,-118.7083,280641,32.6996,-118.7212,284280,32.7097,-118.7083,2018-01-17 02:47:05,Night,1.6485108083691264,1.6376385194433614,1158.947,5.55,154.9416720166845,NEPAC,1
284484,285363,259.77550496902927,Zica-20180113-173188,879,285653,284283,32.6996,-118.7212,284280,32.6891,-118.7227,285360,32.6996,-118.7212,2018-01-17 03:49:24,Night,1.1729048126639916,3.9259730535003055,1158.08,17.2,92.71438251771474,NEPAC,1
285653,286513,260.24424497381943,Zica-20180113-173188,860,286745,285363,32.6891,-118.7227,285360,32.6802,-118.7221,286511,32.6891,-118.7227,2018-01-17 04:08:53,Night,0.988602597344379,3.1049508161598007,1245.714,17.35,89.99459869833515,NEPAC,1
286745,287457,161.52026190940774,Zica-20180113-173188,712,287545,286513,32.6802,-118.7221,286511,32.6815,-118.7292,287454,32.6802,-118.7221,2018-01-17 04:27:05,Night,0.68132407126308,2.6118626910032177,1302.248,15.75,71.2442248453849,NEPAC,1
287545,291109,1182.5816833042068,Zica-20180113-173188,3564,291406,287457,32.6815,-118.7292,287454,32.6668,-118.7173,291107,32.6815,-118.7292,2018-01-17 04:40:25,Night,1.975704034796146,1.9551519534048913,1310.914,11.85,89.99459906555029,NEPAC,1
291406,292446,272.65685090684997,Zica-20180113-173188,1040,292600,291109,32.6668,-118.7173,291107,32.6608,-118.6982,292504,32.6668,-118.7173,2018-01-17 05:44:46,Night,1.9112605683386985,4.9457458514992085,1239.478,9.15,217.152611113097,NEPAC,1
292600,293427,197.3712778452764,Zica-20180113-173188,827,293539,292446,32.6608,-118.6982,292504,32.6571,-118.695,293425,32.6608,-118.6982,2018-01-17 06:04:40,Night,0.5084124487410273,1.9955602629737392,1242.394,7.65,225.29713144732483,NEPAC,1
293539,294585,183.27054731888813,Zica-20180113-173188,1046,294720,293427,32.6571,-118.695,293425,32.6598,-118.6918,294582,32.6571,-118.695,2018-01-17 06:20:19,Night,0.4239977432600006,1.3247639082842717,1224.149,7.65,154.93138986981717,NEPAC,1
294720,295558,169.56910208101112,Zica-20180113-173188,838,295656,294585,32.6598,-118.6918,294582,32.6641,-118.6884,295555,32.6598,-118.6918,2018-01-17 06:40:00,Night,0.5736949708803463,2.1314566492625406,1239.449,7.75,193.52635926169472,NEPAC,1
295656,295943,78.41664684063784,Zica-20180113-173188,287,296060,295558,32.6641,-118.6884,295555,NA,NA,NA,32.6641,-118.6884,2018-01-17 06:55:36,Night,NA,NA,1263.05,5.75,171.54941791892668,NEPAC,1
296060,298570,1094.5605337723916,Zica-20180113-173188,2510,298708,295943,32.6641,-118.6884,295555,32.6743,-118.6872,298568,32.6641,-118.6884,2018-01-17 07:02:20,Night,1.1367521484167369,1.3638762086048801,1263.05,5.75,171.54941791892668,NEPAC,1
298708,299480,202.09527632626956,Zica-20180113-173188,772,299624,298570,32.6743,-118.6872,298568,32.6827,-118.6815,299477,32.6743,-118.6872,2018-01-17 07:46:28,Night,1.074052594420664,4.2713972814419146,1194.3,17.55,49.366419711515334,NEPAC,1
299624,300725,184.62786696197932,Zica-20180113-173188,1101,300838,299480,32.6827,-118.6815,299477,32.6874,-118.6856,300723,32.6827,-118.6815,2018-01-17 08:01:44,Night,0.6477082285397635,1.8791855908276445,1026.971,16.25,6.404106272058755,NEPAC,1
300838,301939,188.18733814056694,Zica-20180113-173188,1101,302040,300725,32.6874,-118.6856,300723,32.6922,-118.6874,301983,32.6874,-118.6856,2018-01-17 08:21:58,Night,0.5584382913275295,1.6021860501182694,991.198,9.1,33.207032080986835,NEPAC,1
302040,302795,174.06964926754182,Zica-20180113-173188,755,302896,301939,32.6922,-118.6874,301983,32.698,-118.6912,302793,32.6922,-118.6874,2018-01-17 08:42:00,Night,0.7353244615891174,3.2817258378329126,996.64,6.8,155.98223555655318,NEPAC,1
302896,303151,75.97173617091117,Zica-20180113-173188,255,303201,302795,32.698,-118.6912,302793,NA,NA,NA,32.698,-118.6912,2018-01-17 08:56:16,Night,NA,NA,1038.157,9.9,158.15876956735565,NEPAC,1
303201,304278,391.56229906471583,Zica-20180113-173188,1077,305095,303151,32.698,-118.6912,302793,32.7049,-118.6987,304861,32.698,-118.6912,2018-01-17 09:01:21,Night,1.039277724660208,1.8167258097904508,1038.157,9.9,158.15876956735565,NEPAC,1
305095,308062,1214.175044473903,Zica-20180113-173188,2967,308362,304278,32.7049,-118.6987,304861,32.7049,-118.7042,308060,32.7049,-118.6987,2018-01-17 09:32:55,Night,0.5156969150686678,0.5827584707637493,1119.725,8.05,163.588342043578,NEPAC,1
308362,309497,402.2397820752887,Zica-20180113-173188,1135,309908,308062,32.7049,-118.7042,308060,32.6971,-118.7074,309494,32.7049,-118.7042,2018-01-17 10:27:22,Night,0.9155769046085834,2.308096590069755,1131.305,7.3,177.5914464095789,NEPAC,1
309908,310224,76.20196263629398,Zica-20180113-173188,316,310286,309497,32.6971,-118.7074,309494,32.6949,-118.7092,310222,32.6971,-118.7074,2018-01-17 10:53:08,Night,0.29667388501198383,1.4731814482394525,1082.055,10.25,87.15805703027866,NEPAC,1
310286,313748,1168.319359936806,Zica-20180113-173188,3462,313884,310224,32.6949,-118.7092,310222,32.6917,-118.7288,313745,32.6949,-118.7092,2018-01-17 10:59:26,Night,1.8719400537741802,1.9208240971880959,1080.004,12.35,78.7942980474237,NEPAC,1
313884,315087,434.15028986673155,Zica-20180113-173188,1203,315214,313748,32.6917,-118.7288,313745,32.6953,-118.7381,315084,32.6917,-118.7288,2018-01-17 11:59:24,Night,0.9591460654173898,2.5894794820641254,1287.789,17.95,84.33838055561762,NEPAC,1
315214,316440,419.1519790024822,Zica-20180113-173188,1226,316836,315087,32.6953,-118.7381,315084,32.6941,-118.748,316438,32.6953,-118.7381,2018-01-17 12:21:34,Night,0.9378498485993959,2.5039344185279293,1359.717,17.7,67.53694041603194,NEPAC,1
316836,317874,267.6331496632885,Zica-20180113-173188,1038,317978,316440,32.6941,-118.748,316438,32.7031,-118.7573,317871,32.6941,-118.748,2018-01-17 12:48:36,Night,1.3253952243363283,3.3435476175686163,1425.727,11.15,57.04777865288804,NEPAC,1
317978,318954,350.468891183592,Zica-20180113-173188,976,319632,317874,32.7031,-118.7573,317871,32.7084,-118.771,319566,32.7031,-118.7573,2018-01-17 13:07:38,Night,1.4126276337161667,3.012772209961028,1449.395,15.3,83.82717118126749,NEPAC,1
319632,324443,1534.8680597895777,Zica-20180113-173188,4811,324507,318954,32.7084,-118.771,319566,32.7304,-118.7706,324441,32.7084,-118.771,2018-01-17 13:35:12,Night,2.4400766296471823,1.8094106699845258,1478.488,11.3,51.60636695771541,NEPAC,1
324507,326044,333.9379512879628,Zica-20180113-173188,1537,326187,324443,32.7304,-118.7706,324441,32.7381,-118.7539,326042,32.7304,-118.7706,2018-01-17 14:56:27,Dawn,1.7831020038189507,4.026179727548724,1354.825,12.8,58.18856077447401,NEPAC,1
326187,327533,338.9445160002655,Zica-20180113-173188,1346,327663,326044,32.7381,-118.7539,326042,32.7444,-118.7445,327530,32.7381,-118.7539,2018-01-17 15:24:27,Dawn,1.1244228202703728,2.7317126984391114,1259.955,8.25,89.99436517855202,NEPAC,1
327663,328929,315.87835743687583,Zica-20180113-173188,1266,329045,327533,32.7444,-118.7445,327530,32.771,-118.7657,328926,32.7444,-118.7445,2018-01-17 15:49:03,Day,3.556511263316265,9.209733679719411,1180.205,10.6,45.031063055614254,NEPAC,1
329045,330099,189.43845858269725,Zica-20180113-173188,1054,330221,328929,32.771,-118.7657,328926,32.7533,-118.7366,330122,32.771,-118.7657,2018-01-17 16:12:05,Day,3.35981255328922,10.155286271020511,1290.663,8.25,68.36995296920458,NEPAC,1
330221,331597,256.3439773482403,Zica-20180113-173188,1376,331705,330099,32.7533,-118.7366,330122,32.7571,-118.7368,331621,32.7533,-118.7366,2018-01-17 16:31:41,Day,0.4218369766795884,1.0173053173427031,1095.076,7.15,81.54112314931189,NEPAC,1
331705,333059,234.55498712927238,Zica-20180113-173188,1354,333162,331597,32.7571,-118.7368,331621,32.7597,-118.7383,333125,32.7571,-118.7368,2018-01-17 16:56:25,Day,0.3207763945634438,0.7710150707093413,1091.027,7.05,95.65427533075086,NEPAC,1
333162,333962,238.44976611911125,Zica-20180113-173188,800,334018,333059,32.7597,-118.7383,333125,32.7599,-118.7375,333959,32.7597,-118.7383,2018-01-17 17:20:42,Day,0.07817691146038565,0.33886035363224715,1099.545,7.6,73.43935068237192,NEPAC,1
334018,334438,117.66007250101909,Zica-20180113-173188,420,334512,333962,32.7599,-118.7375,333959,NA,NA,NA,32.7599,-118.7375,2018-01-17 17:34:58,Day,NA,NA,1095.036,7.25,78.78632836412265,NEPAC,1
334512,338316,1179.9161227540797,Zica-20180113-173188,3804,338417,334438,32.7599,-118.7375,333959,32.7585,-118.7671,338313,32.7599,-118.7375,2018-01-17 17:43:12,Day,2.7780468832632996,2.306531805924857,1095.036,7.25,78.78632836412265,NEPAC,1
338417,339720,352.4031695788813,Zica-20180113-173188,1303,339832,338316,32.7585,-118.7671,338313,32.7563,-118.7767,339718,32.7585,-118.7671,2018-01-17 18:48:17,Day,0.9320960628799427,2.39824004790818,1312.899,8,51.03612043884294,NEPAC,1
339832,341022,295.2656698635633,Zica-20180113-173188,1190,341126,339720,32.7563,-118.7767,339718,NA,NA,NA,32.7563,-118.7767,2018-01-17 19:11:52,Day,NA,NA,1358.335,4.3,57.20924201133329,NEPAC,1
341126,342262,235.4414313113253,Zica-20180113-173188,1136,342362,341022,NA,NA,NA,32.7538,-118.7891,342260,32.7563,-118.7767,2018-01-17 19:33:26,Day,NA,NA,NA,NA,NA,NEPAC,1
342362,343511,233.21952691010543,Zica-20180113-173188,1149,343575,342262,32.7538,-118.7891,342260,32.7495,-118.7913,343508,32.7538,-118.7891,2018-01-17 19:54:02,Day,0.5195302954286584,1.5048894374796475,1395.322,3.8,126.6120643947192,NEPAC,1
343575,344116,128.22283752830646,Zica-20180113-173188,541,344196,343511,32.7495,-118.7913,343508,32.7473,-118.7927,344114,32.7495,-118.7913,2018-01-17 20:14:15,Day,0.2770214262498267,1.6525288051041642,1397.458,3.85,128.9489039807833,NEPAC,1
344196,348565,1454.7658709971577,Zica-20180113-173188,4369,348637,344116,32.7473,-118.7927,344114,32.7329,-118.813,348563,32.7473,-118.7927,2018-01-17 20:24:36,Day,2.4840135874712206,2.0183657268393937,1399.858,3.45,74.0687002840885,NEPAC,1
348637,349803,335.8407880042152,Zica-20180113-173188,1166,349939,348565,32.7329,-118.813,348563,32.7272,-118.8173,349800,32.7329,-118.813,2018-01-17 21:38:37,Day,0.7496998076713818,2.1909173845853234,1482.222,6.85,59.27152225126076,NEPAC,1
349939,351184,324.3287617689327,Zica-20180113-173188,1245,351293,349803,32.7272,-118.8173,349800,32.7209,-118.8214,351181,32.7272,-118.8173,2018-01-17 22:00:19,Day,0.7974071064185487,2.0873473495315378,1478.005,8.35,218.37388692185866,NEPAC,1
351293,352496,279.8141017381847,Zica-20180113-173188,1203,352613,351184,32.7209,-118.8214,351181,32.7187,-118.8222,352565,32.7209,-118.8214,2018-01-17 22:22:53,Day,0.25524573275967416,0.666700378559409,1427.41,8.1,217.13588409718972,NEPAC,1
352613,353359,152.63060315772333,Zica-20180113-173188,746,353487,352496,32.7187,-118.8222,352565,32.7167,-118.8226,353358,32.7187,-118.8222,2018-01-17 22:44:53,Day,0.22494663557377928,1.0254502996206962,1410.895,8.15,215.80106266395225,NEPAC,1
353487,354222,232.380686776634,Zica-20180113-173188,735,354315,353359,32.7167,-118.8226,353358,NA,NA,NA,32.7167,-118.8226,2018-01-17 22:59:27,Day,NA,NA,1395.114,8.4,200.73877019303694,NEPAC,1
354315,358226,1491.053323600267,Zica-20180113-173188,3911,358334,354222,NA,NA,NA,32.7253,-118.8034,358224,32.7167,-118.8226,2018-01-17 23:13:15,Day,NA,NA,NA,NA,NA,NEPAC,1
358334,359466,316.94714131748464,Zica-20180113-173188,1132,359623,358226,32.7253,-118.8034,358224,32.7247,-118.7943,359464,32.7253,-118.8034,2018-01-18 00:20:14,Day,0.8556438243899042,2.4944777622334704,1481.295,6.65,83.53461174068809,NEPAC,1
359623,360711,284.1989451309165,Zica-20180113-173188,1088,360823,359466,32.7247,-118.7943,359464,32.7195,-118.7904,360709,32.7247,-118.7943,2018-01-18 00:41:43,Dusk,0.6828064036246642,1.9826065454643864,1486.18,7.65,19.312501278934974,NEPAC,1
360823,362199,279.3306545219353,Zica-20180113-173188,1376,362297,360711,32.7195,-118.7904,360709,32.7182,-118.7937,362196,32.7195,-118.7904,2018-01-18 01:01:43,Dusk,0.34131302838122285,0.8297556137176333,1489.185,6.75,0,NEPAC,1
362297,363439,253.24876557066293,Zica-20180113-173188,1142,363520,362199,32.7182,-118.7937,362196,32.7182,-118.7961,363480,32.7182,-118.7937,2018-01-18 01:26:17,Dusk,0.22499799297189113,0.6334639755400205,1481,6.7,233.11046366071145,NEPAC,1
363520,364498,200.85875799874293,Zica-20180113-173188,978,364590,363439,32.7182,-118.7961,363480,32.7195,-118.7996,364496,32.7182,-118.7961,2018-01-18 01:46:40,Dusk,0.35839548223674333,1.2751965239033731,1475.273,7.15,229.16629873525432,NEPAC,1
364590,365576,203.64523570390872,Zica-20180113-173188,986,365882,364498,32.7195,-118.7996,364496,32.7187,-118.8016,365574,32.7195,-118.7996,2018-01-18 02:04:30,Dusk,0.2074272881586133,0.6955933642795799,1472.04,6.8,234.51101480400817,NEPAC,1
365882,366268,57.27805055432518,Zica-20180113-173188,386,366321,365576,32.7187,-118.8016,365574,32.7182,-118.8023,366266,32.7187,-118.8016,2018-01-18 02:26:02,Night,0.08591398178593941,0.44881364762452447,1462.555,7.75,210.49875230027993,NEPAC,1
366321,366646,113.1637035826839,Zica-20180113-173188,325,366883,366268,32.7182,-118.8023,366266,NA,NA,NA,32.7182,-118.8023,2018-01-18 02:33:21,Night,NA,NA,1458.463,7.95,212.2549263486557,NEPAC,1
366883,370068,1514.6428920185292,Zica-20180113-173188,3185,370203,366646,32.7182,-118.8023,366266,32.7245,-118.788,370066,32.7182,-118.8023,2018-01-18 02:42:43,Night,1.5117051371925958,1.4381089660397983,1458.463,7.95,212.2549263486557,NEPAC,1
370203,371184,206.0165255097862,Zica-20180113-173188,981,371296,370068,32.7245,-118.788,370066,32.7311,-118.7818,371181,32.7245,-118.788,2018-01-18 03:38:03,Night,0.9346152569795165,3.030165160521033,1482.159,9.45,0,NEPAC,1
371296,372172,181.7610641106688,Zica-20180113-173188,876,372542,371184,32.7311,-118.7818,371181,32.7374,-118.7811,372169,32.7311,-118.7818,2018-01-18 03:56:16,Night,0.70174246788334,2.5676103455448125,1413.084,10.9,43.060895958342655,NEPAC,1
372542,373585,227.08548574249656,Zica-20180113-173188,1043,373842,372172,32.7374,-118.7811,372169,32.754,-118.7939,373802,32.7374,-118.7811,2018-01-18 04:17:02,Night,2.197304440619625,4.864210381408417,1373.375,7.4,64.56426075280672,NEPAC,1
373842,376279,1097.653244032411,Zica-20180113-173188,2437,376425,373585,32.754,-118.7939,373802,32.753,-118.7793,376277,32.754,-118.7939,2018-01-18 04:38:42,Night,1.3726855223300745,2.0049527932215025,1406.245,3.55,128.95140523358356,NEPAC,1
376425,377354,236.68782348395445,Zica-20180113-173188,929,377736,376279,32.753,-118.7793,376277,32.7559,-118.7825,377403,32.753,-118.7793,2018-01-18 05:21:45,Night,0.4397257462200538,1.4117305262748618,1364.791,4.05,119.61718402311772,NEPAC,1
377736,380757,1421.20997457903,Zica-20180113-173188,3021,380900,377354,32.7559,-118.7825,377403,32.752,-118.7793,380755,32.7559,-118.7825,2018-01-18 05:43:36,Night,0.5263000673605419,0.5675938972280307,1377.406,3.9,111.61610227586993,NEPAC,1
380900,381835,270.8908184979248,Zica-20180113-173188,935,381940,380757,32.752,-118.7793,380755,32.7475,-118.7794,381833,32.752,-118.7793,2018-01-18 06:36:20,Night,0.4991380474701669,1.6738256415627581,1364.218,4.25,120.72571867467349,NEPAC,1
381940,383151,368.1651402811254,Zica-20180113-173188,1211,383267,381835,32.7475,-118.7794,381833,NA,NA,NA,32.7475,-118.7794,2018-01-18 06:53:40,Night,NA,NA,1362.676,4.35,125.49885674776442,NEPAC,1
383267,384397,182.83424456825225,Zica-20180113-173188,1130,384508,383151,NA,NA,NA,32.7402,-118.7982,384395,32.7475,-118.7794,2018-01-18 07:15:47,Night,NA,NA,NA,NA,NA,NEPAC,1
384508,385371,149.09509815994898,Zica-20180113-173188,863,385586,384397,32.7402,-118.7982,384395,32.7384,-118.8049,385368,32.7402,-118.7982,2018-01-18 07:36:28,Night,0.6589356337576637,2.448152431689573,1421.136,6.75,42.773667268721,NEPAC,1
385586,389174,1562.977256151204,Zica-20180113-173188,3588,389333,385371,32.7384,-118.8049,385368,32.7292,-118.7993,389172,32.7384,-118.8049,2018-01-18 07:54:26,Night,1.1473841260407043,1.090376870567073,1450.939,7.85,61.611142291450676,NEPAC,1
389333,390543,375.48338437666524,Zica-20180113-173188,1210,390662,389174,32.7292,-118.7993,389172,32.7226,-118.8049,390540,32.7292,-118.7993,2018-01-18 08:56:53,Night,0.9007246661534463,2.3802044357782957,1475.789,7.15,0,NEPAC,1
390662,391694,222.19305518007286,Zica-20180113-173188,1032,391827,390543,32.7226,-118.8049,390540,32.7217,-118.8144,391692,32.7226,-118.8049,2018-01-18 09:19:02,Night,0.8961533125811132,2.812147764740212,1472.175,6.85,225.27724344817216,NEPAC,1
391827,392877,233.19556841813596,Zica-20180113-173188,1050,392997,391694,32.7217,-118.8144,391692,32.7232,-118.8219,392875,32.7217,-118.8144,2018-01-18 09:38:27,Night,0.722496462090769,2.207797726507295,1447.253,7.8,222.7861826600954,NEPAC,1
392997,394063,204.3051632833309,Zica-20180113-173188,1066,394150,392877,32.7232,-118.8219,392875,32.7238,-118.8272,394061,32.7232,-118.8219,2018-01-18 09:57:57,Night,0.5012770611252269,1.5279229139693888,1444.828,10.3,222.78564893049077,NEPAC,1
394150,394676,149.35073931539583,Zica-20180113-173188,526,394857,394063,32.7238,-118.8272,394061,32.7237,-118.8299,394684,32.7238,-118.8272,2018-01-18 10:17:10,Night,0.2533499020438747,1.4700800897088395,1437.159,10.1,225.04902437711814,NEPAC,1
394857,395843,237.2277995671548,Zica-20180113-173188,986,395899,394676,32.7237,-118.8299,394684,32.722,-118.8306,395841,32.7237,-118.8299,2018-01-18 10:28:57,Night,0.1996230971439852,0.6237143441447767,1430.613,9.75,223.8800830940807,NEPAC,1
395899,398670,1437.2260282258794,Zica-20180113-173188,2771,398818,395843,32.722,-118.8306,395841,32.7328,-118.838,398667,32.722,-118.8306,2018-01-18 10:46:19,Night,1.38408993447864,1.7705184406016572,1415.161,9.4,225.04955968991672,NEPAC,1
398818,400082,385.16097637658055,Zica-20180113-173188,1264,400202,398670,32.7328,-118.838,398667,32.7398,-118.8418,400086,32.7328,-118.838,2018-01-18 11:34:58,Night,0.8541075862122024,2.175897761914807,1487.248,6.85,180,NEPAC,1
400202,401187,239.32105315973433,Zica-20180113-173188,985,401311,400082,32.7398,-118.8418,400086,32.7448,-118.8461,401185,32.7398,-118.8418,2018-01-18 11:58:02,Night,0.6854845238474176,2.254801231763799,1505.476,4.75,47.23788527776219,NEPAC,1
401311,402287,190.25426722257123,Zica-20180113-173188,976,403678,401187,32.7448,-118.8461,401185,32.7532,-118.8481,403228,32.7448,-118.8461,2018-01-18 12:16:31,Night,0.9502291762466738,1.6813893647242906,1494.764,5.4,45.509755744052086,NEPAC,1
403678,404341,150.04879419581243,Zica-20180113-173188,663,404376,402287,32.7532,-118.8481,403228,32.7573,-118.8408,404339,32.7532,-118.8481,2018-01-18 12:55:58,Night,0.8214114590646396,2.672729455012306,1458.441,4.1,49.42681626697731,NEPAC,1
404376,404789,74.89731905342099,Zica-20180113-173188,413,404891,404341,32.7573,-118.8408,404339,NA,NA,NA,32.7573,-118.8408,2018-01-18 13:07:36,Night,NA,NA,1440.5,3.3,52.29273881500501,NEPAC,1
404891,408599,1492.013924838598,Zica-20180113-173188,3708,408675,404789,32.7573,-118.8408,404339,32.7468,-118.8322,408599,32.7573,-118.8408,2018-01-18 13:16:11,Night,1.4161501921233752,1.2017330855694839,1440.5,3.3,52.29273881500501,NEPAC,1
408675,410164,366.5304978525724,Zica-20180113-173188,1489,410317,408599,32.7468,-118.8322,408599,32.7412,-118.8191,410162,32.7468,-118.8322,2018-01-18 14:19:15,Dawn,1.3758944334699132,3.1822510409428895,1465.793,4.7,352.81033855020576,NEPAC,1
410317,411656,313.7960560020212,Zica-20180113-173188,1339,411819,410164,32.7412,-118.8191,410162,32.7397,-118.8037,411653,32.7412,-118.8191,2018-01-18 14:46:37,Dawn,1.4529328425613353,3.522704376833821,1471.88,6.9,11.32439992962469,NEPAC,1
411819,412999,243.62486066642552,Zica-20180113-173188,1180,413132,411656,32.7397,-118.8037,411653,32.7365,-118.7941,412999,32.7397,-118.8037,2018-01-18 15:11:39,Dawn,0.967246150855087,2.597767336806196,1441.593,8.1,47.89658408878739,NEPAC,1
413132,414310,227.49011613755445,Zica-20180113-173188,1178,414455,412999,32.7365,-118.7941,412999,32.735,-118.7871,414307,32.7365,-118.7941,2018-01-18 15:33:32,Day,0.6768750805599566,1.8707212662264856,1424.522,8.05,44.23980283878029,NEPAC,1
414455,415772,219.0333090533058,Zica-20180113-173188,1317,415887,414310,32.735,-118.7871,414307,32.73,-118.7769,415770,32.735,-118.7871,2018-01-18 15:55:35,Day,1.1052486170311613,2.7310141835732384,1408.599,9.15,48.27453507805558,NEPAC,1
415887,416536,177.53145571359101,Zica-20180113-173188,649,416695,415772,32.73,-118.7769,415770,32.7249,-118.7707,416589,32.73,-118.7769,2018-01-18 16:19:27,Day,0.8109658613710305,3.579537959531472,1395.98,11.4,41.68951477172129,NEPAC,1
416695,417748,201.41289275453872,Zica-20180113-173188,1053,417867,416536,32.7249,-118.7707,416589,NA,NA,NA,32.7249,-118.7707,2018-01-18 16:32:55,Day,NA,NA,1387.41,13.25,50.232150619531694,NEPAC,1
417867,419007,210.28042457938497,Zica-20180113-173188,1140,419221,417748,NA,NA,NA,NA,NA,NA,32.7249,-118.7707,2018-01-18 16:52:27,Day,NA,NA,NA,NA,NA,NEPAC,1
419221,422942,1443.0371139967751,Zica-20180113-173188,3721,423068,419007,NA,NA,NA,NA,NA,NA,32.7249,-118.7707,2018-01-18 17:15:01,Day,NA,NA,NA,NA,NA,NEPAC,1
423068,424341,385.03279027218036,Zica-20180113-173188,1273,424470,422942,NA,NA,NA,NA,NA,NA,32.7249,-118.7707,2018-01-18 18:19:08,Day,NA,NA,NA,NA,NA,NEPAC,1
424470,425775,287.02383961550834,Zica-20180113-173188,1305,425886,424341,NA,NA,NA,NA,NA,NA,32.7249,-118.7707,2018-01-18 18:42:30,Day,NA,NA,NA,NA,NA,NEPAC,1
425886,427020,226.3495374574906,Zica-20180113-173188,1134,427128,425775,NA,NA,NA,NA,NA,NA,32.7249,-118.7707,2018-01-18 19:06:06,Day,NA,NA,NA,NA,NA,NEPAC,1
427128,428128,210.18831842656567,Zica-20180113-173188,1000,428273,427020,NA,NA,NA,NA,NA,NA,32.7249,-118.7707,2018-01-18 19:26:48,Day,NA,NA,NA,NA,NA,NEPAC,1
428273,432258,1249.252532287929,Zica-20180113-173188,3985,432371,428128,NA,NA,NA,NA,NA,NA,32.7249,-118.7707,2018-01-18 19:45:53,Day,NA,NA,NA,NA,NA,NEPAC,1
432371,433488,346.98035801198915,Zica-20180113-173188,1117,433691,432258,NA,NA,NA,NA,NA,NA,32.7249,-118.7707,2018-01-18 20:54:11,Day,NA,NA,NA,NA,NA,NEPAC,1
433691,434838,261.8013103525077,Zica-20180113-173188,1147,434994,433488,NA,NA,NA,32.6163,-118.7437,434881,32.7249,-118.7707,2018-01-18 21:16:11,Day,NA,NA,NA,NA,NA,NEPAC,1
434994,436063,237.4836811825689,Zica-20180113-173188,1069,436179,434838,32.6163,-118.7437,434881,32.6155,-118.7492,436060,32.6163,-118.7437,2018-01-18 21:37:54,Day,0.5237765016943235,1.6059813856021878,975.691,4.2,201.85692972569117,NEPAC,1
436179,437506,306.3739178862921,Zica-20180113-173188,1327,437627,436063,32.6155,-118.7492,436060,NA,NA,NA,32.6155,-118.7492,2018-01-18 21:57:39,Day,NA,NA,969.14,4.15,189.11483048576244,NEPAC,1
437627,438809,214.46745069839292,Zica-20180113-173188,1182,438927,437506,NA,NA,NA,NA,NA,NA,32.6155,-118.7492,2018-01-18 22:21:47,Day,NA,NA,NA,NA,NA,NEPAC,1
438927,440179,296.55876260142236,Zica-20180113-173188,1252,440297,438809,NA,NA,NA,NA,NA,NA,32.6155,-118.7492,2018-01-18 22:43:27,Day,NA,NA,NA,NA,NA,NEPAC,1
440297,441534,203.99689603398923,Zica-20180113-173188,1237,441651,440179,NA,NA,NA,NA,NA,NA,32.6155,-118.7492,2018-01-18 23:06:17,Day,NA,NA,NA,NA,NA,NEPAC,1
441651,442945,188.19947633266702,Zica-20180113-173188,1294,443088,441534,NA,NA,NA,NA,NA,NA,32.6155,-118.7492,2018-01-18 23:28:51,Day,NA,NA,NA,NA,NA,NEPAC,1
443088,443959,164.61364419197128,Zica-20180113-173188,871,444114,442945,NA,NA,NA,32.6184,-118.7488,444001,32.6155,-118.7492,2018-01-18 23:52:48,Day,NA,NA,NA,NA,NA,NEPAC,1
444114,447426,1053.6603134650495,Zica-20180113-173188,3312,447545,443959,32.6184,-118.7488,444001,32.6427,-118.7319,447424,32.6184,-118.7488,2018-01-19 00:09:54,Day,3.126844424146528,3.302232717876044,980.392,3.9,221.4934985283494,NEPAC,1
447545,448802,239.44709352277974,Zica-20180113-173188,1257,448927,447426,32.6427,-118.7319,447424,32.6561,-118.7405,448800,32.6427,-118.7319,2018-01-19 01:07:05,Dusk,1.6909550971433107,4.442443805358335,1078.175,4.75,225.07494229619596,NEPAC,1
448927,449401,100.42261195285911,Zica-20180113-173188,474,449565,448802,32.6561,-118.7405,448800,NA,NA,NA,32.6561,-118.7405,2018-01-19 01:30:07,Dusk,NA,NA,1141.507,6.65,221.63118855879392,NEPAC,1
449565,450031,70.15264138237575,Zica-20180113-173188,466,450075,449401,32.6561,-118.7405,448800,NA,NA,NA,32.6561,-118.7405,2018-01-19 01:40:45,Dusk,NA,NA,1141.507,6.65,221.63118855879392,NEPAC,1
450075,450411,115.16332847050248,Zica-20180113-173188,336,450827,450031,NA,NA,NA,NA,NA,NA,32.6561,-118.7405,2018-01-19 01:49:15,Dusk,NA,NA,NA,NA,NA,NEPAC,1
450827,454384,1178.8838716745142,Zica-20180113-173188,3557,454503,450411,NA,NA,NA,32.6721,-118.7067,454440,32.6561,-118.7405,2018-01-19 02:01:47,Dusk,NA,NA,NA,NA,NA,NEPAC,1
454503,455593,235.19606021050066,Zica-20180113-173188,1090,455704,454384,32.6721,-118.7067,454440,32.6761,-118.694,455701,32.6721,-118.7067,2018-01-19 03:03:03,Night,1.2711151022879814,3.6439976960912395,1264.869,14.3,84.34264467704259,NEPAC,1
455704,456724,222.18014477030323,Zica-20180113-173188,1020,456761,455593,32.6761,-118.694,455701,NA,NA,NA,32.6761,-118.694,2018-01-19 03:23:04,Night,NA,NA,1173.082,18.4,20.214073893566308,NEPAC,1
456761,457243,158.18347354201063,Zica-20180113-173188,482,457363,456724,NA,NA,NA,NA,NA,NA,32.6761,-118.694,2018-01-19 03:40:41,Night,NA,NA,NA,NA,NA,NEPAC,1
457363,458760,385.04511286856615,Zica-20180113-173188,1397,458874,457243,NA,NA,NA,32.6884,-118.6861,458822,32.6761,-118.694,2018-01-19 03:50:43,Night,NA,NA,NA,NA,NA,NEPAC,1
458874,459762,240.22667282143289,Zica-20180113-173188,888,459862,458760,32.6884,-118.6861,458822,NA,NA,NA,32.6884,-118.6861,2018-01-19 04:15:54,Night,NA,NA,989.936,7.85,40.08444238254151,NEPAC,1
459862,460692,179.51499867820624,Zica-20180113-173188,830,460907,459762,NA,NA,NA,NA,NA,NA,32.6884,-118.6861,2018-01-19 04:32:22,Night,NA,NA,NA,NA,NA,NEPAC,1
460907,464407,1117.768881611416,Zica-20180113-173188,3500,464579,460692,NA,NA,NA,32.7137,-118.6809,464405,32.6884,-118.6861,2018-01-19 04:49:47,Night,NA,NA,NA,NA,NA,NEPAC,1
464579,465582,240.0842011991195,Zica-20180113-173188,1003,465704,464407,32.7137,-118.6809,464405,32.7159,-118.6726,465580,32.7137,-118.6809,2018-01-19 05:50:59,Night,0.8154993854291728,2.5089619390012423,1100.951,6.8,120.71556955318351,NEPAC,1
465704,466735,191.08504741293913,Zica-20180113-173188,1031,466844,465582,32.7159,-118.6726,465580,32.7208,-118.6661,466733,32.7159,-118.6726,2018-01-19 06:09:44,Night,0.8164689582803896,2.5598744875833552,1075.065,5.4,117.32053564884433,NEPAC,1
466844,468013,209.46134958122215,Zica-20180113-173188,1169,468128,466735,32.7208,-118.6661,466733,32.727,-118.66,468011,32.7208,-118.6661,2018-01-19 06:28:44,Night,0.8942908033379687,2.5296253944184324,1074.086,3.3,206.78668800739456,NEPAC,1
468128,469401,214.5272987894448,Zica-20180113-173188,1273,469481,468013,32.727,-118.66,468011,32.7331,-118.656,469399,32.727,-118.66,2018-01-19 06:50:08,Night,0.7734476368041109,2.0144187370654616,1089.902,5,215.79852337708726,NEPAC,1
469481,470517,329.3866146963013,Zica-20180113-173188,1036,470615,469401,32.7331,-118.656,469399,32.7458,-118.6601,470515,32.7331,-118.656,2018-01-19 07:12:41,Night,1.4599111073438789,4.7290131299714355,1119.282,7.85,226.74149163995898,NEPAC,1
470615,473865,1278.7077036966168,Zica-20180113-173188,3250,474033,470517,32.7458,-118.6601,470515,32.7459,-118.6507,473862,32.7458,-118.6601,2018-01-19 07:31:35,Night,0.8810399219791216,0.951586291590835,1176.994,8.7,220.0709727692015,NEPAC,1
474033,475118,295.1926493579116,Zica-20180113-173188,1085,475257,473865,32.7459,-118.6507,473862,32.7366,-118.646,475115,32.7459,-118.6507,2018-01-19 08:28:33,Night,1.1215027757005902,3.2356205380348233,1220.501,7.6,218.4647141987082,NEPAC,1
475257,476326,212.8440959543149,Zica-20180113-173188,1069,477202,475118,32.7366,-118.646,475115,32.7304,-118.6446,477162,32.7366,-118.646,2018-01-19 08:48:57,Night,0.6999887777403637,1.2361794975727478,1190.291,8.5,238.09308313071153,NEPAC,1
477202,477973,98.21538408162543,Zica-20180113-173188,771,478083,476326,32.7304,-118.6446,477162,32.7372,-118.6444,477970,32.7304,-118.6446,2018-01-19 09:21:22,Night,0.7543511440543399,3.374974487322325,1158.577,8.45,232.30963975999657,NEPAC,1
478083,481457,1316.585239754361,Zica-20180113-173188,3374,481613,477973,32.7372,-118.6444,477970,32.7348,-118.6371,481455,32.7372,-118.6444,2018-01-19 09:36:03,Night,0.7341767780311184,0.7615635731944025,1197.717,8.45,232.30963975999657,NEPAC,1
481613,482678,195.22164863577962,Zica-20180113-173188,1065,482801,481457,32.7348,-118.6371,481455,32.7235,-118.6328,482675,32.7348,-118.6371,2018-01-19 10:34:53,Night,1.3163936499611923,3.900625446401402,1207.871,7.35,210.044132318002,NEPAC,1
482801,483877,194.1275606125179,Zica-20180113-173188,1076,484932,482678,32.7235,-118.6328,482675,32.7104,-118.6298,484854,32.7235,-118.6328,2018-01-19 10:54:41,Night,1.4797565808622195,2.454942652508914,1132.727,9.15,151.3267395450107,NEPAC,1
484932,485672,67.29793881422964,Zica-20180113-173188,740,485771,483877,32.7104,-118.6298,484854,32.7054,-118.6308,485670,32.7104,-118.6298,2018-01-19 11:30:12,Night,0.5623674422786337,2.4913704703887998,1028.4,10.2,150.70626472877905,NEPAC,1
485771,486970,323.39713745869744,Zica-20180113-173188,1199,487059,485672,32.7054,-118.6308,485670,32.6979,-118.6437,486967,32.7054,-118.6308,2018-01-19 11:44:11,Night,1.4679576138671766,4.091493272266649,988.358,11.8,137.33218839774452,NEPAC,1
487059,487873,158.94219517267982,Zica-20180113-173188,814,487956,486970,32.6979,-118.6437,486967,32.6995,-118.6475,487871,32.6979,-118.6437,2018-01-19 12:05:39,Night,0.3980596332138046,1.5917982014025482,978.545,8.9,144.19259219282293,NEPAC,1
487956,490581,995.0823440860128,Zica-20180113-173188,2625,490643,487873,32.6995,-118.6475,487871,32.7023,-118.6537,490578,32.6995,-118.6475,2018-01-19 12:20:36,Night,0.6590881225870293,0.8801638578323276,997.273,8.05,150.70329723627253,NEPAC,1
490643,491400,311.5353350396069,Zica-20180113-173188,757,491700,490581,32.7023,-118.6537,490578,NA,NA,NA,32.7023,-118.6537,2018-01-19 13:05:23,Night,NA,NA,1017.815,7.35,170.89116507352435,NEPAC,1
